"Date","Price","Open","High","Low","Vol.","Change %"
"12/15/2025","614.90","614.90","614.90","614.90","506.27K","0.00%"
"12/12/2025","614.90","614.90","614.90","614.90","573.94K","0.00%"
"12/11/2025","614.90","614.90","614.90","614.90","281.94K","0.00%"
"12/10/2025","614.90","614.90","614.90","614.90","959.43K","0.00%"
"12/09/2025","614.90","614.90","614.90","614.90","738.17K","0.00%"
"12/08/2025","614.90","614.90","614.90","614.90","533.35K","0.00%"
"12/05/2025","614.90","588.00","614.90","614.90","239.47K","4.57%"
"12/04/2025","588.00","588.00","588.00","588.00","213.91K","0.00%"
"12/03/2025","588.00","588.00","588.00","588.00","165.48K","0.00%"
"12/02/2025","588.00","534.60","588.00","588.00","713.13K","9.99%"
"12/01/2025","534.60","534.60","534.60","534.60","312.33K","0.00%"
"11/28/2025","534.60","534.60","534.60","534.60","436.55K","0.00%"
"11/27/2025","534.60","534.60","534.60","534.60","545.73K","0.00%"
"11/26/2025","534.60","534.60","534.60","534.60","132.89K","0.00%"
"11/25/2025","534.60","534.60","534.60","534.60","243.83K","0.00%"
"11/24/2025","534.60","534.60","534.60","534.60","402.92K","0.00%"
"11/21/2025","534.60","534.60","534.60","534.60","208.96K","0.00%"
"11/20/2025","534.60","534.60","534.60","534.60","225.12K","0.00%"
"11/19/2025","534.60","534.60","534.60","534.60","320.28K","0.00%"
"11/18/2025","534.60","534.60","534.60","534.60","126.73K","0.00%"
"11/17/2025","534.60","594.00","534.60","534.60","537.17K","-10.00%"
"11/14/2025","594.00","594.00","594.00","594.00","343.19K","0.00%"
"11/13/2025","594.00","594.00","594.00","594.00","3.38M","0.00%"
"11/12/2025","594.00","594.00","594.00","594.00","2.13M","0.00%"
"11/11/2025","594.00","660.00","600.00","594.00","1.77M","-10.00%"
"11/10/2025","660.00","660.00","660.00","660.00","3.63M","0.00%"
"11/07/2025","660.00","660.00","660.00","660.00","1.77M","0.00%"
"11/06/2025","660.00","660.00","660.00","660.00","2.52M","0.00%"
"11/05/2025","660.00","660.00","660.00","660.00","211.30K","0.00%"
"11/04/2025","660.00","660.00","660.00","660.00","129.20K","0.00%"
"11/03/2025","660.00","660.00","660.00","660.00","109.33K","0.00%"
"10/31/2025","660.00","660.00","660.00","660.00","583.99K","0.00%"
"10/30/2025","660.00","660.00","660.00","660.00","411.13K","0.00%"
"10/29/2025","660.00","665.00","660.00","660.00","398.65K","-0.75%"
"10/28/2025","665.00","665.00","665.00","665.00","7.54M","0.00%"
"10/27/2025","665.00","665.00","665.00","665.00","2.52M","0.00%"
"10/24/2025","665.00","649.30","665.00","665.00","1.21M","2.42%"
"10/23/2025","649.30","639.00","649.30","640.00","886.82K","1.61%"
"10/22/2025","639.00","600.00","639.00","639.00","847.59K","6.50%"
"10/21/2025","600.00","600.00","656.00","600.00","3.40M","0.00%"
"10/20/2025","600.00","600.00","600.00","600.00","3.36M","0.00%"
"10/17/2025","600.00","599.80","600.00","600.00","4.40M","0.03%"
"10/16/2025","599.80","585.60","599.80","599.80","1.70M","2.42%"
"10/15/2025","585.60","585.60","585.60","585.60","336.90K","0.00%"
"10/14/2025","585.60","585.00","585.60","585.30","4.01M","0.10%"
"10/13/2025","585.00","575.00","585.00","585.00","1.36M","1.74%"
"10/10/2025","575.00","540.00","575.00","575.00","2.02M","6.48%"
"10/09/2025","540.00","530.00","540.00","540.00","20.92M","1.89%"
"10/08/2025","530.00","530.00","530.00","530.00","482.68K","0.00%"
"10/07/2025","530.00","525.10","530.00","527.00","2.98M","0.93%"
"10/06/2025","525.10","525.10","525.10","525.10","459.90K","0.00%"
"10/03/2025","525.10","525.10","525.10","525.10","314.52K","0.00%"
"10/02/2025","525.10","525.10","525.10","525.10","181.54K","0.00%"
"09/30/2025","525.10","525.10","525.10","525.10","83.99K","0.00%"
"09/29/2025","525.10","525.10","525.10","525.10","158.53K","0.00%"
"09/26/2025","525.10","516.20","525.10","525.10","928.47K","1.72%"
"09/25/2025","516.20","516.20","516.20","516.20","288.63K","0.00%"
"09/24/2025","516.20","516.20","516.20","516.20","284.53K","0.00%"
"09/23/2025","516.20","516.20","516.20","516.20","105.61K","0.00%"
"09/22/2025","516.20","516.20","516.20","516.20","204.11K","0.00%"
"09/19/2025","516.20","516.20","516.20","516.20","551.03K","0.00%"
"09/18/2025","516.20","516.20","516.20","516.20","149.98K","0.00%"
"09/17/2025","516.20","511.20","516.20","516.00","3.01M","0.98%"
"09/16/2025","511.20","511.20","511.20","511.20","410.81K","0.00%"
"09/15/2025","511.20","511.20","511.20","511.20","389.75K","0.00%"
"09/12/2025","511.20","528.00","511.20","511.20","1.05M","-3.18%"
"09/11/2025","528.00","528.00","528.00","528.00","809.94K","0.00%"
"09/10/2025","528.00","520.20","528.00","528.00","1.33M","1.50%"
"09/09/2025","520.20","520.20","520.20","520.20","93.30K","0.00%"
"09/08/2025","520.20","520.20","520.20","520.20","124.08K","0.00%"
"09/04/2025","520.20","520.20","520.20","520.20","198.46K","0.00%"
"09/03/2025","520.20","520.20","520.20","520.20","1.47M","0.00%"
"09/02/2025","520.20","520.20","520.20","520.20","710.83K","0.00%"
"09/01/2025","520.20","520.20","520.20","520.20","181.77K","0.00%"
"08/29/2025","520.20","520.20","520.20","520.20","187.33K","0.00%"
"08/28/2025","520.20","520.00","520.20","520.20","799.32K","0.04%"
"08/27/2025","520.00","520.00","520.00","520.00","317.17K","0.00%"
"08/26/2025","520.00","520.00","520.00","520.00","306.28K","0.00%"
"08/25/2025","520.00","520.00","520.00","520.00","111.46K","0.00%"
"08/22/2025","520.00","520.00","520.00","520.00","311.11K","0.00%"
"08/21/2025","520.00","520.00","520.00","520.00","756.44K","0.00%"
"08/20/2025","520.00","520.00","520.00","520.00","565.38K","0.00%"
"08/19/2025","520.00","577.00","520.00","520.00","2.60M","-9.88%"
"08/18/2025","577.00","577.00","577.00","577.00","459.20K","0.00%"
"08/15/2025","577.00","577.00","577.00","577.00","133.37K","0.00%"
"08/14/2025","577.00","577.00","577.00","577.00","179.03K","0.00%"
"08/13/2025","577.00","577.00","577.00","577.00","791.37K","0.00%"
"08/12/2025","577.00","577.00","577.00","577.00","4.44M","0.00%"
"08/11/2025","577.00","577.00","577.00","577.00","1.52M","0.00%"
"08/08/2025","577.00","577.00","577.00","577.00","13.64M","0.00%"
"08/07/2025","577.00","577.00","577.00","577.00","5.18M","0.00%"
"08/06/2025","577.00","577.00","577.00","577.00","2.72M","0.00%"
"08/05/2025","577.00","577.00","577.00","577.00","1.09M","0.00%"
"08/04/2025","577.00","528.30","577.00","540.00","2.90M","9.22%"
"08/01/2025","528.30","528.30","528.30","528.30","689.62K","0.00%"
"07/31/2025","528.30","509.60","528.30","510.90","5.58M","3.67%"
"07/30/2025","509.60","509.60","509.60","509.60","3.59M","0.00%"
"07/29/2025","509.60","494.50","509.60","509.00","2.47M","3.05%"
"07/28/2025","494.50","493.00","500.00","494.50","3.00M","0.30%"
"07/25/2025","493.00","490.00","493.00","493.00","1.19M","0.61%"
"07/24/2025","490.00","490.00","490.00","490.00","986.55K","0.00%"
"07/23/2025","490.00","489.00","490.00","490.00","2.66M","0.20%"
"07/22/2025","489.00","489.00","489.00","489.00","2.62M","0.00%"
"07/21/2025","489.00","495.00","489.00","486.00","2.46M","-1.21%"
"07/18/2025","495.00","473.30","495.00","495.00","2.27M","4.58%"
"07/17/2025","473.30","430.30","473.30","430.50","4.53M","9.99%"
"07/16/2025","430.30","430.00","430.30","430.30","2.41M","0.07%"
"07/14/2025","430.00","425.00","430.00","430.00","2.46M","1.18%"
"07/11/2025","425.00","425.00","425.00","425.00","4.04M","0.00%"
"07/10/2025","425.00","425.00","425.00","425.00","1.58M","0.00%"
"07/09/2025","425.00","425.00","425.00","425.00","1.28M","0.00%"
"07/08/2025","425.00","425.00","425.00","425.00","1.04M","0.00%"
"07/07/2025","425.00","425.00","425.00","425.00","889.64K","0.00%"
"07/04/2025","425.00","425.00","425.00","425.00","316.63K","0.00%"
"07/03/2025","425.00","425.00","425.00","425.00","172.62K","0.00%"
"07/02/2025","425.00","425.00","425.00","425.00","284.98K","0.00%"
"07/01/2025","425.00","440.00","425.00","425.00","729.83K","-3.41%"
"06/30/2025","440.00","440.00","440.00","440.00","244.68K","0.00%"
"06/27/2025","440.00","440.00","440.00","440.00","562.51K","0.00%"
"06/26/2025","440.00","440.00","440.00","440.00","413.25K","0.00%"
"06/25/2025","440.00","440.00","440.00","440.00","718.64K","0.00%"
"06/24/2025","440.00","440.00","440.00","440.00","678.76K","0.00%"
"06/23/2025","440.00","440.00","440.00","440.00","318.53K","0.00%"
"06/20/2025","440.00","440.00","440.00","440.00","186.18K","0.00%"
"06/19/2025","440.00","440.00","440.00","440.00","2.28M","0.00%"
"06/18/2025","440.00","438.90","440.00","440.00","2.62M","0.25%"
"06/17/2025","438.90","438.90","438.90","438.90","482.89K","0.00%"
"06/16/2025","438.90","438.90","438.90","438.90","646.93K","0.00%"
"06/13/2025","438.90","438.90","438.90","438.90","236.12K","0.00%"
"06/11/2025","438.90","420.00","438.90","430.00","572.36K","4.50%"
"06/10/2025","420.00","420.00","420.00","420.00","666.89K","-6.67%"
"06/05/2025","450.00","450.00","450.00","450.00","928.33K","0.00%"
"06/04/2025","450.00","450.00","450.00","450.00","617.87K","0.00%"
"06/03/2025","450.00","440.00","450.00","450.00","714.30K","2.27%"
"06/02/2025","440.00","440.00","440.00","440.00","226.16K","0.00%"
"05/30/2025","440.00","440.00","440.00","440.00","400.10K","0.00%"
"05/29/2025","440.00","440.00","440.00","440.00","358.94K","0.00%"
"05/28/2025","440.00","440.00","440.00","440.00","523.56K","0.00%"
"05/27/2025","440.00","440.00","440.00","440.00","337.55K","0.00%"
"05/26/2025","440.00","440.00","440.00","440.00","291.08K","0.00%"
"05/23/2025","440.00","440.00","440.00","440.00","454.76K","0.00%"
"05/22/2025","440.00","440.00","440.00","440.00","220.22K","0.00%"
"05/21/2025","440.00","440.00","440.00","440.00","220.76K","0.00%"
"05/20/2025","440.00","440.00","440.00","440.00","315.51K","0.00%"
"05/19/2025","440.00","440.00","440.00","440.00","158.10K","0.00%"
"05/16/2025","440.00","440.00","440.00","440.00","342.50K","0.00%"
"05/15/2025","440.00","440.00","440.00","440.00","553.16K","0.00%"
"05/14/2025","440.00","440.00","440.00","440.00","401.00K","0.00%"
"05/13/2025","440.00","440.00","440.00","440.00","230.11K","0.00%"
"05/12/2025","440.00","440.00","440.00","440.00","289.15K","0.00%"
"05/09/2025","440.00","440.00","440.00","440.00","1.10M","0.00%"
"05/08/2025","440.00","432.00","440.00","440.00","1.76M","1.85%"
"05/07/2025","432.00","432.00","432.00","432.00","232.15K","0.00%"
"05/06/2025","432.00","432.00","432.00","432.00","387.97K","0.00%"
"05/05/2025","432.00","432.00","432.00","432.00","349.17K","0.00%"
"05/02/2025","432.00","432.00","432.00","432.00","478.56K","0.00%"
"04/30/2025","432.00","432.00","432.00","432.00","209.28K","0.00%"
"04/29/2025","432.00","432.00","432.00","432.00","459.33K","0.00%"
"04/28/2025","432.00","432.00","432.00","432.00","604.07K","0.00%"
"04/25/2025","432.00","435.00","435.00","432.00","1.45M","-10.00%"
"04/24/2025","480.00","480.00","480.00","480.00","87.33K","0.00%"
"04/23/2025","480.00","480.00","480.00","480.00","75.21K","0.00%"
"04/22/2025","480.00","480.00","480.00","480.00","33.69K","0.00%"
"04/17/2025","480.00","480.00","480.00","480.00","30.40K","0.00%"
"04/16/2025","480.00","480.00","480.00","480.00","53.76K","0.00%"
"04/15/2025","480.00","480.00","480.00","480.00","25.38K","0.00%"
"04/14/2025","480.00","480.00","480.00","480.00","35.37K","0.00%"
"04/11/2025","480.00","480.00","480.00","480.00","48.73K","0.00%"
"04/10/2025","480.00","480.00","480.00","480.00","45.83K","0.00%"
"04/09/2025","480.00","480.00","480.00","480.00","44.90K","0.00%"
"04/08/2025","480.00","480.00","480.00","480.00","56.08K","0.00%"
"04/07/2025","480.00","480.00","480.00","480.00","42.95K","0.00%"
"04/04/2025","480.00","480.00","480.00","480.00","31.92K","0.00%"
"04/03/2025","480.00","480.00","480.00","480.00","154.49K","0.00%"
"04/02/2025","480.00","480.00","480.00","480.00","42.53K","0.00%"
"03/28/2025","480.00","480.00","480.00","480.00","13.89K","0.00%"
"03/27/2025","480.00","480.00","480.00","480.00","80.62K","0.00%"
"03/26/2025","480.00","480.00","480.00","480.00","74.88K","0.00%"
"03/25/2025","480.00","480.00","480.00","480.00","76.07K","0.00%"
"03/24/2025","480.00","480.00","480.00","480.00","44.80K","0.00%"
"03/21/2025","480.00","480.00","480.00","480.00","28.62K","0.00%"
"03/20/2025","480.00","480.00","480.00","480.00","115.30K","0.00%"
"03/19/2025","480.00","480.00","480.00","480.00","34.56K","0.00%"
"03/18/2025","480.00","480.00","480.00","480.00","72.62K","0.00%"
"03/17/2025","480.00","480.00","480.00","480.00","32.69K","0.00%"
"03/14/2025","480.00","480.00","480.00","480.00","162.84K","0.00%"
"03/13/2025","480.00","480.00","480.00","480.00","101.40K","0.00%"
"03/12/2025","480.00","480.00","480.00","480.00","421.76K","0.00%"
"03/11/2025","480.00","480.00","480.00","480.00","64.12K","0.00%"
"03/10/2025","480.00","480.00","480.00","480.00","150.94K","0.00%"
"03/07/2025","480.00","480.00","480.00","480.00","129.84K","0.00%"
"03/06/2025","480.00","480.00","480.00","480.00","139.18K","0.00%"
"03/05/2025","480.00","480.00","480.00","480.00","80.71K","0.00%"
"03/04/2025","480.00","480.00","480.00","480.00","119.58K","0.00%"
"03/03/2025","480.00","480.00","480.00","480.00","708.04K","0.00%"
"02/28/2025","480.00","480.00","480.00","480.00","41.16K","0.00%"
"02/27/2025","480.00","480.00","480.00","480.00","95.36K","0.00%"
"02/26/2025","480.00","480.00","480.00","480.00","293.56K","0.00%"
"02/25/2025","480.00","480.00","480.00","480.00","333.59K","0.00%"
"02/24/2025","480.00","480.00","480.00","480.00","410.04K","0.00%"
"02/21/2025","480.00","480.00","480.00","480.00","359.33K","0.00%"
"02/20/2025","480.00","480.00","480.00","480.00","340.32K","0.00%"
"02/19/2025","480.00","480.00","480.00","480.00","370.46K","0.00%"
"02/18/2025","480.00","480.00","480.00","480.00","319.75K","0.00%"
"02/17/2025","480.00","480.00","480.00","480.00","787.94K","0.00%"
"02/14/2025","480.00","474.10","489.00","480.00","5.06M","1.24%"
"02/13/2025","474.10","431.00","474.10","470.00","1.04M","10.00%"
"02/12/2025","431.00","414.90","431.00","431.00","1.11M","3.88%"
"02/11/2025","414.90","394.00","414.90","414.90","1.12M","5.30%"
"02/10/2025","394.00","394.00","394.00","394.00","496.01K","0.00%"
"02/07/2025","394.00","394.00","394.00","394.00","452.35K","0.00%"
"02/06/2025","394.00","394.00","394.00","394.00","508.06K","0.00%"
"02/05/2025","394.00","394.00","394.00","394.00","799.85K","0.00%"
"02/04/2025","394.00","394.00","394.00","394.00","477.93K","0.00%"
"02/03/2025","394.00","394.00","394.00","394.00","160.49K","0.00%"
"01/31/2025","394.00","394.00","394.00","394.00","1.02M","0.00%"
"01/30/2025","394.00","385.00","394.00","385.00","1.27M","2.34%"
"01/29/2025","385.00","385.00","385.00","385.00","453.29K","0.00%"
"01/28/2025","385.00","400.00","385.00","385.00","1.27M","-3.75%"
"01/27/2025","400.00","400.00","400.00","400.00","443.45K","0.00%"
"01/24/2025","400.00","400.00","400.00","400.00","695.52K","0.00%"
"01/23/2025","400.00","400.00","400.00","400.00","661.22K","0.00%"
"01/22/2025","400.00","400.00","400.00","400.00","1.12M","0.00%"
"01/21/2025","400.00","400.00","400.00","400.00","471.69K","0.00%"
"01/20/2025","400.00","400.00","400.00","400.00","213.18K","0.00%"
"01/17/2025","400.00","400.00","400.00","400.00","749.52K","0.00%"
"01/16/2025","400.00","387.90","400.00","349.20","6.64M","3.12%"
"01/15/2025","387.90","431.00","387.90","387.90","932.12K","-10.00%"
"01/14/2025","431.00","478.80","431.00","431.00","170.82K","-9.98%"
"01/13/2025","478.80","478.80","478.80","478.80","78.13K","0.00%"
"01/10/2025","478.80","478.80","478.80","478.80","197.31K","0.00%"
"01/09/2025","478.80","478.80","478.80","478.80","217.31K","0.00%"
"01/08/2025","478.80","478.80","478.80","478.80","65.91K","0.00%"
"01/07/2025","478.80","478.80","478.80","478.80","53.53K","0.00%"
"01/06/2025","478.80","478.80","478.80","478.80","59.25K","0.00%"
"01/03/2025","478.80","478.80","478.80","478.80","37.70K","0.00%"
"01/02/2025","478.80","478.80","478.80","478.80","29.83K","0.00%"
"12/31/2024","478.80","478.80","478.80","478.80","18.28K","0.00%"
"12/30/2024","478.80","478.80","478.80","478.80","222.45K","0.00%"
"12/27/2024","478.80","478.80","478.80","478.80","42.38K","0.00%"
"12/24/2024","478.80","478.80","478.80","478.80","30.49K","0.00%"
"12/23/2024","478.80","478.80","478.80","478.80","57.98K","0.00%"
"12/20/2024","478.80","478.80","478.80","478.80","116.49K","0.00%"
"12/19/2024","478.80","478.80","478.80","478.80","5.35M","0.00%"
"12/18/2024","478.80","478.80","478.80","478.80","217.67K","0.00%"
"12/17/2024","478.80","478.80","478.80","478.80","61.23K","0.00%"
"12/16/2024","478.80","478.80","478.80","478.80","24.92K","0.00%"
"12/13/2024","478.80","478.80","478.80","478.80","35.97K","0.00%"
"12/12/2024","478.80","478.80","478.80","478.80","13.69K","0.00%"
"12/11/2024","478.80","478.80","478.80","478.80","8.89K","0.00%"
"12/10/2024","478.80","478.80","478.80","478.80","11.44K","0.00%"
"12/09/2024","478.80","478.80","478.80","478.80","33.73K","0.00%"
"12/06/2024","478.80","478.80","478.80","478.80","6.54K","0.00%"
"12/05/2024","478.80","478.80","478.80","478.80","4.03K","0.00%"
"12/04/2024","478.80","478.80","478.80","478.80","11.46K","0.00%"
"12/03/2024","478.80","478.80","478.80","478.80","45.08K","0.00%"
"12/02/2024","478.80","478.80","478.80","478.80","11.80K","0.00%"
"11/29/2024","478.80","478.80","478.80","478.80","67.62K","0.00%"
"11/28/2024","478.80","478.80","478.80","478.80","36.88K","0.00%"
"11/27/2024","478.80","478.80","478.80","478.80","3.78K","0.00%"
"11/26/2024","478.80","478.80","478.80","478.80","24.12K","0.00%"
"11/25/2024","478.80","478.80","478.80","478.80","68.03K","0.00%"
"11/22/2024","478.80","478.80","478.80","478.80","22.92K","0.00%"
"11/21/2024","478.80","478.80","478.80","478.80","58.24K","0.00%"
"11/20/2024","478.80","478.80","478.80","478.80","91.37K","0.00%"
"11/19/2024","478.80","478.80","478.80","478.80","114.58K","0.00%"
"11/18/2024","478.80","478.80","478.80","478.80","14.47K","0.00%"
"11/15/2024","478.80","478.80","478.80","478.80","98.37K","0.00%"
"11/14/2024","478.80","478.80","478.80","478.80","104.02K","0.00%"
"11/13/2024","478.80","478.80","478.80","478.80","13.46K","0.00%"
"11/12/2024","478.80","478.80","478.80","478.80","4.83K","0.00%"
"11/11/2024","478.80","478.80","478.80","478.80","4.85K","0.00%"
"11/08/2024","478.80","478.80","478.80","478.80","10.97K","0.00%"
"11/07/2024","478.80","478.80","478.80","478.80","10.19K","0.00%"
"11/06/2024","478.80","478.80","478.80","478.80","8.20K","0.00%"
"11/05/2024","478.80","478.80","478.80","478.80","12.15K","0.00%"
"11/04/2024","478.80","478.80","478.80","478.80","33.75K","0.00%"
"11/01/2024","478.80","478.80","478.80","478.80","34.43K","0.00%"
"10/31/2024","478.80","478.80","478.80","478.80","32.31K","0.00%"
"10/30/2024","478.80","478.80","478.80","478.80","7.22K","0.00%"
"10/29/2024","478.80","478.80","478.80","478.80","9.35K","0.00%"
"10/28/2024","478.80","478.80","478.80","478.80","17.72K","0.00%"
"10/25/2024","478.80","478.80","478.80","478.80","21.77K","0.00%"
"10/24/2024","478.80","478.80","478.80","478.80","23.70K","0.00%"
"10/23/2024","478.80","478.80","478.80","478.80","17.55K","0.00%"
"10/22/2024","478.80","478.80","478.80","478.80","8.95K","0.00%"
"10/21/2024","478.80","478.80","478.80","478.80","16.74K","0.00%"
"10/18/2024","478.80","478.80","478.80","478.80","2.09K","0.00%"
"10/17/2024","478.80","478.80","478.80","478.80","2.24K","0.00%"
"10/16/2024","478.80","478.80","478.80","478.80","6.67K","0.00%"
"10/15/2024","478.80","478.80","478.80","478.80","9.79K","0.00%"
"10/14/2024","478.80","478.80","478.80","478.80","17.74K","0.00%"
"10/11/2024","478.80","478.80","478.80","478.80","10.08K","0.00%"
"10/10/2024","478.80","478.80","478.80","478.80","10.32K","0.00%"
"10/09/2024","478.80","478.80","478.80","478.80","15.02K","0.00%"
"10/08/2024","478.80","478.80","478.80","478.80","14.95K","0.00%"
"10/07/2024","478.80","478.80","478.80","478.80","39.15K","0.00%"
"10/04/2024","478.80","478.80","478.80","478.80","340.32K","0.00%"
"10/03/2024","478.80","532.00","478.80","478.80","154.50K","-10.00%"
"10/02/2024","532.00","532.00","532.00","532.00","182.38K","0.00%"
"09/30/2024","532.00","532.00","532.00","532.00","3.58K","0.00%"
"09/27/2024","532.00","532.00","532.00","532.00","124.43K","0.00%"
"09/26/2024","532.00","532.00","532.00","532.00","67.31K","0.00%"
"09/25/2024","532.00","532.00","532.00","532.00","18.01K","0.00%"
"09/24/2024","532.00","532.00","532.00","532.00","28.87K","0.00%"
"09/23/2024","532.00","532.00","532.00","532.00","28.50K","0.00%"
"09/20/2024","532.00","532.00","532.00","532.00","23.28K","0.00%"
"09/19/2024","532.00","532.00","532.00","532.00","6.03K","0.00%"
"09/18/2024","532.00","532.00","532.00","532.00","52.58K","0.00%"
"09/17/2024","532.00","532.00","532.00","532.00","30.47K","0.00%"
"09/13/2024","532.00","532.00","532.00","532.00","105.86K","0.00%"
"09/12/2024","532.00","532.00","532.00","532.00","90.89K","0.00%"
"09/11/2024","532.00","532.00","532.00","532.00","82.17K","0.00%"
"09/10/2024","532.00","532.00","532.00","532.00","16.47K","0.00%"
"09/09/2024","532.00","532.00","532.00","532.00","18.58K","0.00%"
"09/06/2024","532.00","532.00","532.00","532.00","23.93K","0.00%"
"09/05/2024","532.00","532.00","532.00","532.00","23.79K","0.00%"
"09/04/2024","532.00","532.00","532.00","532.00","6.88K","0.00%"
"09/03/2024","532.00","532.00","532.00","532.00","5.06K","0.00%"
"09/02/2024","532.00","532.00","532.00","532.00","33.71K","0.00%"
"08/30/2024","532.00","532.00","532.00","532.00","30.70K","0.00%"
"08/29/2024","532.00","532.00","532.00","532.00","22.86K","0.00%"
"08/28/2024","532.00","532.00","532.00","532.00","42.97K","0.00%"
"08/27/2024","532.00","532.00","532.00","532.00","36.64K","0.00%"
"08/26/2024","532.00","532.00","532.00","532.00","35.23K","0.00%"
"08/23/2024","532.00","532.00","532.00","532.00","11.08K","0.00%"
"08/22/2024","532.00","532.00","532.00","532.00","6.75K","0.00%"
"08/21/2024","532.00","532.00","532.00","532.00","11.71K","0.00%"
"08/20/2024","532.00","532.00","532.00","532.00","87.73K","0.00%"
"08/19/2024","532.00","591.10","532.00","532.00","246.25K","-10.00%"
"08/16/2024","591.10","591.10","591.10","591.10","11.86K","0.00%"
"08/15/2024","591.10","591.10","591.10","591.10","2.29K","0.00%"
"08/14/2024","591.10","591.10","591.10","591.10","26.24K","0.00%"
"08/13/2024","591.10","591.10","591.10","591.10","6.55K","0.00%"
"08/12/2024","591.10","591.10","591.10","591.10","10.75K","0.00%"
"08/09/2024","591.10","591.10","591.10","591.10","3.55K","0.00%"
"08/08/2024","591.10","591.10","591.10","591.10","6.97K","0.00%"
"08/07/2024","591.10","591.10","591.10","591.10","29.56K","0.00%"
"08/06/2024","591.10","591.10","591.10","591.10","67.52K","0.00%"
"08/05/2024","591.10","591.10","591.10","532.00","11.72K","0.00%"
"08/02/2024","591.10","591.10","591.10","532.00","33.72K","0.00%"
"08/01/2024","591.10","591.10","591.10","532.00","6.60K","0.00%"
"07/31/2024","591.10","591.10","591.10","532.00","6.77K","0.00%"
"07/30/2024","591.10","591.10","540.00","532.00","74.72K","0.00%"
"07/29/2024","591.10","591.10","532.00","532.00","84.57K","0.00%"
"07/26/2024","591.10","656.70","591.10","591.10","498.30K","-9.99%"
"07/25/2024","656.70","656.70","591.10","591.10","91.03K","0.00%"
"07/24/2024","656.70","656.70","591.10","591.10","92.65K","0.00%"
"07/23/2024","656.70","656.70","591.10","591.10","110.86K","0.00%"
"07/22/2024","656.70","656.70","591.10","591.10","4.88K","0.00%"
"07/19/2024","656.70","656.70","591.10","591.10","3.42K","0.00%"
"07/18/2024","656.70","656.70","591.10","591.10","20.67K","0.00%"
"07/17/2024","656.70","656.70","591.10","591.10","6.60K","0.00%"
"07/16/2024","656.70","656.70","591.10","591.10","24.56K","0.00%"
"07/15/2024","656.70","656.70","591.10","591.10","59.67K","0.00%"
"07/12/2024","656.70","656.70","591.10","591.10","57.08K","0.00%"
"07/11/2024","656.70","656.70","591.10","591.10","120.45K","0.00%"
"07/10/2024","656.70","656.70","591.10","591.10","8.56K","0.00%"
"07/09/2024","656.70","656.70","591.10","591.10","10.26K","0.00%"
"07/08/2024","656.70","656.70","591.10","591.10","29.02K","0.00%"
"07/05/2024","656.70","656.70","591.10","591.10","4.32K","0.00%"
"07/04/2024","656.70","656.70","591.10","591.10","6.90K","0.00%"
"07/03/2024","656.70","656.70","591.10","591.10","8.43K","0.00%"
"07/02/2024","656.70","656.70","591.10","591.10","5.48K","0.00%"
"07/01/2024","656.70","656.70","591.10","591.10","20.25K","0.00%"
"06/28/2024","656.70","656.70","591.10","591.10","11.06K","0.00%"
"06/27/2024","656.70","656.70","591.10","591.10","203.96K","0.00%"
"06/26/2024","656.70","656.70","591.10","591.10","4.72K","0.00%"
"06/25/2024","656.70","656.70","591.10","591.10","4.20K","0.00%"
"06/24/2024","656.70","656.70","591.10","591.10","5.28K","0.00%"
"06/21/2024","656.70","656.70","591.10","591.10","5.60K","0.00%"
"06/20/2024","656.70","656.70","591.10","591.10","8.13K","0.00%"
"06/19/2024","656.70","656.70","591.10","591.10","60.00K","0.00%"
"06/14/2024","656.70","656.70","591.10","591.10","6.60K","0.00%"
"06/13/2024","656.70","656.70","591.10","591.10","19.40K","0.00%"
"06/11/2024","656.70","656.70","591.10","591.10","17.04K","0.00%"
"06/10/2024","656.70","656.70","591.10","591.10","12.89K","0.00%"
"06/07/2024","656.70","656.70","591.10","591.10","9.58K","0.00%"
"06/06/2024","656.70","656.70","591.10","591.10","16.17K","0.00%"
"06/05/2024","656.70","656.70","591.10","591.10","10.12K","0.00%"
"06/04/2024","656.70","656.70","591.10","591.10","7.29K","0.00%"
"06/03/2024","656.70","656.70","591.10","591.10","12.66K","0.00%"
"05/31/2024","656.70","656.70","591.10","591.10","28.28K","0.00%"
"05/30/2024","656.70","656.70","591.10","591.10","6.50K","0.00%"
"05/29/2024","656.70","656.70","591.10","591.10","4.21K","0.00%"
"05/28/2024","656.70","656.70","591.10","591.10","4.52K","0.00%"
"05/27/2024","656.70","656.70","591.50","591.10","6.66K","0.00%"
"05/24/2024","656.70","656.70","591.10","591.10","4.49K","0.00%"
"05/23/2024","656.70","656.70","591.10","591.10","17.40K","0.00%"
"05/22/2024","656.70","656.70","591.10","591.10","10.24K","0.00%"
"05/21/2024","656.70","656.70","591.10","591.10","12.21K","0.00%"
"05/20/2024","656.70","656.70","591.10","591.10","15.80K","0.00%"
"05/17/2024","656.70","656.70","591.10","591.10","4.36K","0.00%"
"05/16/2024","656.70","656.70","591.10","591.10","3.54K","0.00%"
"05/15/2024","656.70","656.70","591.10","591.10","2.56K","0.00%"
"05/14/2024","656.70","656.70","591.10","591.10","9.09K","0.00%"
"05/13/2024","656.70","656.70","591.10","591.10","6.28K","0.00%"
"05/10/2024","656.70","656.70","591.10","591.10","5.39K","0.00%"
"05/09/2024","656.70","656.70","591.10","591.10","17.97K","0.00%"
"05/08/2024","656.70","656.70","591.10","591.10","8.01K","0.00%"
"05/07/2024","656.70","656.70","591.10","591.10","4.46K","0.00%"
"05/06/2024","656.70","656.70","591.10","591.10","2.36K","0.00%"
"05/03/2024","656.70","656.70","591.10","591.10","17.65K","0.00%"
"05/02/2024","656.70","656.70","591.10","591.10","8.95K","0.00%"
"04/30/2024","656.70","656.70","591.10","591.10","3.41K","0.00%"
"04/29/2024","656.70","656.70","591.10","591.10","10.66K","0.00%"
"04/26/2024","656.70","656.70","591.10","591.10","10.59K","0.00%"
"04/25/2024","656.70","656.70","595.00","591.10","3.79K","0.00%"
"04/24/2024","656.70","656.70","591.10","591.10","11.35K","0.00%"
"04/23/2024","656.70","656.70","591.10","591.10","1.02K","0.00%"
"04/22/2024","656.70","656.70","591.10","591.10","9.69K","0.00%"
"04/19/2024","656.70","656.70","591.10","591.10","3.06K","0.00%"
"04/18/2024","656.70","656.70","591.10","591.10","3.00K","0.00%"
"04/17/2024","656.70","656.70","591.10","591.10","1.92K","0.00%"
"04/16/2024","656.70","656.70","591.10","591.10","13.08K","-4.37%"
"04/15/2024","686.70","686.70","618.10","618.10","925.62K","0.00%"
"04/12/2024","686.70","686.70","618.10","618.10","82.14K","0.00%"
"04/08/2024","686.70","686.70","618.10","618.10","4.24K","0.00%"
"04/05/2024","686.70","686.70","618.10","618.10","11.57K","0.00%"
"04/04/2024","686.70","686.70","618.10","618.10","55.71K","0.00%"
"04/03/2024","686.70","686.70","618.10","618.10","58.48K","0.00%"
"04/02/2024","686.70","686.70","618.10","618.10","21.82K","0.00%"
"03/28/2024","686.70","686.70","620.00","618.10","4.93K","0.00%"
"03/27/2024","686.70","686.70","686.70","686.70","6.60K","0.00%"
"03/26/2024","686.70","686.70","686.70","686.70","5.44K","0.00%"
"03/25/2024","686.70","686.70","686.70","686.70","53.65K","0.00%"
"03/22/2024","686.70","686.70","686.70","686.70","6.16K","0.00%"
"03/21/2024","686.70","686.70","686.70","686.70","3.91K","0.00%"
"03/20/2024","686.70","686.70","686.70","686.70","0.68K","0.00%"
"03/19/2024","686.70","686.70","686.70","686.70","3.54K","0.00%"
"03/18/2024","686.70","686.70","686.70","686.70","36.42K","0.00%"
"03/15/2024","686.70","686.70","686.70","686.70","17.32K","0.00%"
"03/14/2024","686.70","686.70","686.70","686.70","4.21K","0.00%"
"03/13/2024","686.70","686.70","686.70","686.70","54.27K","0.00%"
"03/12/2024","686.70","686.70","686.70","686.70","7.11K","0.00%"
"03/11/2024","686.70","686.70","686.70","686.70","140.62K","0.00%"
"03/08/2024","686.70","686.70","686.70","686.70","187.92K","0.00%"
"03/07/2024","686.70","686.70","686.70","686.70","6.85M","0.00%"
"03/06/2024","686.70","686.70","686.70","686.70","86.41K","0.00%"
"03/05/2024","686.70","686.70","686.70","686.70","226.11K","0.00%"
"03/04/2024","686.70","686.70","686.70","686.70","33.44K","0.00%"
"03/01/2024","686.70","686.70","686.70","686.70","30.99K","0.00%"
"02/29/2024","686.70","686.70","686.70","686.70","18.05K","0.00%"
"02/28/2024","686.70","686.70","686.70","686.70","13.69K","0.00%"
"02/27/2024","686.70","686.70","686.70","686.70","2.54K","0.00%"
"02/26/2024","686.70","686.70","686.70","686.70","172.91K","0.00%"
"02/23/2024","686.70","686.70","686.70","686.70","18.71K","0.00%"
"02/22/2024","686.70","686.70","686.70","686.70","3.03K","0.00%"
"02/21/2024","686.70","686.70","686.70","686.70","130.04K","0.00%"
"02/20/2024","686.70","686.70","686.70","686.70","136.19K","0.00%"
"02/19/2024","686.70","763.00","686.70","686.70","223.99K","-10.00%"
"02/16/2024","763.00","763.00","763.00","763.00","122.08K","0.00%"
"02/15/2024","763.00","763.00","763.00","763.00","14.14K","0.00%"
"02/14/2024","763.00","763.00","763.00","763.00","20.30K","0.00%"
"02/13/2024","763.00","763.00","763.00","763.00","113.10K","0.00%"
"02/12/2024","763.00","763.00","763.00","763.00","34.94K","0.00%"
"02/09/2024","763.00","763.00","763.00","763.00","103.87K","0.00%"
"02/08/2024","763.00","763.00","763.00","763.00","24.91K","0.00%"
"02/07/2024","763.00","763.00","763.00","763.00","6.25K","0.00%"
"02/06/2024","763.00","763.00","763.00","763.00","39.52K","0.00%"
"02/05/2024","763.00","763.00","763.00","763.00","210.00K","0.00%"
"02/02/2024","763.00","763.00","763.00","763.00","34.71K","0.00%"
"02/01/2024","763.00","763.00","763.00","763.00","87.09K","0.00%"
"01/31/2024","763.00","763.00","763.00","763.00","169.82K","0.00%"
"01/30/2024","763.00","763.00","763.00","763.00","493.29K","0.00%"
"01/29/2024","763.00","694.10","763.00","624.70","13.04M","9.93%"
"01/26/2024","694.10","694.10","694.10","694.10","218.29K","0.00%"
"01/25/2024","694.10","694.10","694.10","694.10","196.77K","0.00%"
"01/24/2024","694.10","651.80","694.10","694.10","1.05M","6.49%"
"01/23/2024","651.80","592.60","651.80","600.00","5.07M","9.99%"
"01/22/2024","592.60","592.60","592.60","592.60","2.02M","9.99%"
"01/19/2024","538.80","489.90","538.80","538.80","1.29M","9.98%"
"01/18/2024","489.90","452.50","489.90","489.90","1.46M","8.27%"
"01/17/2024","452.50","411.90","452.50","452.50","1.22M","9.86%"
"01/16/2024","411.90","375.00","411.90","400.00","1.67M","9.84%"
"01/15/2024","375.00","350.00","375.00","375.00","318.54K","7.14%"
"01/12/2024","350.00","350.00","350.00","350.00","272.69K","0.00%"
"01/11/2024","350.00","350.00","350.00","350.00","1.89M","0.00%"
"01/10/2024","350.00","337.10","350.00","350.00","1.42M","3.83%"
"01/09/2024","337.10","325.00","337.10","337.10","888.61K","3.72%"
"01/08/2024","325.00","325.00","325.00","325.00","101.05K","0.00%"
"01/05/2024","325.00","319.90","325.00","325.00","1.04M","1.59%"
"01/04/2024","319.90","319.90","319.90","319.90","71.54K","0.00%"
"01/03/2024","319.90","319.90","319.90","319.90","599.98K","0.00%"
"01/02/2024","319.90","319.90","319.90","319.90","16.74K","0.00%"
"12/29/2023","319.90","319.90","319.90","319.90","313.36K","0.00%"
"12/28/2023","319.90","313.00","319.90","319.90","555.31K","2.20%"
"12/27/2023","313.00","320.00","313.00","313.00","577.50K","-2.19%"
"12/22/2023","320.00","320.00","320.00","320.00","1.50M","0.00%"
"12/21/2023","320.00","320.00","320.00","320.00","375.30K","0.00%"
"12/20/2023","320.00","320.00","320.00","320.00","619.81K","0.00%"
"12/19/2023","320.00","320.00","320.00","320.00","568.24K","0.00%"
"12/18/2023","320.00","320.00","320.00","320.00","198.56K","0.00%"
"12/15/2023","320.00","320.00","320.00","320.00","141.77K","0.00%"
"12/14/2023","320.00","320.00","320.00","320.00","60.77K","0.00%"
"12/13/2023","320.00","320.00","320.00","320.00","152.94K","0.00%"
"12/12/2023","320.00","320.00","320.00","320.00","89.23K","0.00%"
"12/11/2023","320.00","320.00","320.00","320.00","182.91K","0.00%"
"12/08/2023","320.00","320.00","320.00","320.00","48.14K","0.00%"
"12/07/2023","320.00","320.00","320.00","320.00","31.20K","0.00%"
"12/06/2023","320.00","320.00","320.00","320.00","220.79K","0.00%"
"12/05/2023","320.00","320.00","320.00","320.00","40.63K","0.00%"
"12/04/2023","320.00","320.00","320.00","320.00","43.35K","0.00%"
"12/01/2023","320.00","320.00","320.00","320.00","16.53M","0.00%"
"11/30/2023","320.00","320.00","320.00","320.00","216.64K","0.00%"
"11/29/2023","320.00","320.00","320.00","320.00","242.34K","0.00%"
"11/28/2023","320.00","328.00","320.00","320.00","216.76K","-2.44%"
"11/27/2023","328.00","328.00","328.00","328.00","72.01K","0.00%"
"11/24/2023","328.00","328.00","328.00","328.00","10.45K","0.00%"
"11/23/2023","328.00","328.00","328.00","328.00","17.10K","0.00%"
"11/22/2023","328.00","328.00","328.00","328.00","90.31K","0.00%"
"11/21/2023","328.00","328.00","328.00","328.00","38.90K","0.00%"
"11/20/2023","328.00","328.00","328.00","328.00","99.94K","0.00%"
"11/17/2023","328.00","328.00","328.00","328.00","99.46K","0.00%"
"11/16/2023","328.00","328.00","328.00","328.00","57.12K","0.00%"
"11/15/2023","328.00","328.00","328.00","328.00","79.16K","0.00%"
"11/14/2023","328.00","328.00","328.00","328.00","255.47K","0.00%"
"11/13/2023","328.00","328.00","328.00","328.00","137.69K","0.00%"
"11/10/2023","328.00","328.00","328.00","328.00","81.75K","0.00%"
"11/09/2023","328.00","328.00","328.00","328.00","92.25K","0.00%"
"11/08/2023","328.00","328.00","328.00","328.00","59.31K","0.00%"
"11/07/2023","328.00","328.00","328.00","328.00","138.60K","0.00%"
"11/06/2023","328.00","328.00","328.00","328.00","85.06K","0.00%"
"11/03/2023","328.00","328.00","328.00","328.00","228.84K","0.00%"
"11/02/2023","328.00","328.00","328.00","328.00","328.91K","0.00%"
"11/01/2023","328.00","328.00","328.00","328.00","329.50K","0.00%"
"10/31/2023","328.00","328.00","328.00","328.00","409.09K","0.00%"
"10/30/2023","328.00","310.10","328.00","328.00","214.17K","5.77%"
"10/27/2023","310.10","310.10","310.10","310.10","148.80K","0.00%"
"10/26/2023","310.10","310.10","310.10","310.10","246.66K","0.00%"
"10/25/2023","310.10","310.10","310.10","310.10","276.37K","0.00%"
"10/24/2023","310.10","310.10","310.10","310.10","568.12K","0.00%"
"10/23/2023","310.10","310.10","310.10","310.10","44.77K","0.00%"
"10/20/2023","310.10","310.10","310.10","310.10","15.75K","0.00%"
"10/19/2023","310.10","310.10","310.10","310.10","155.87K","0.00%"
"10/18/2023","310.10","310.10","310.10","310.10","117.82K","0.00%"
"10/17/2023","310.10","310.10","310.10","310.10","168.19K","0.00%"
"10/16/2023","310.10","310.10","310.10","310.10","1.07M","0.00%"
"10/13/2023","310.10","310.10","310.10","310.10","170.62K","0.00%"
"10/12/2023","310.10","310.10","310.10","310.10","331.36K","0.00%"
"10/11/2023","310.10","310.10","310.10","310.10","159.29K","0.00%"
"10/10/2023","310.10","310.10","310.10","310.10","196.70K","0.00%"
"10/09/2023","310.10","310.10","310.10","310.10","78.52K","0.00%"
"10/06/2023","310.10","340.00","310.10","310.10","907.81K","-8.79%"
"10/05/2023","340.00","340.00","340.00","340.00","299.31K","0.00%"
"10/04/2023","340.00","340.00","340.00","340.00","316.14K","0.00%"
"10/03/2023","340.00","340.00","340.00","340.00","81.96K","0.00%"
"09/29/2023","340.00","334.00","340.00","340.00","633.75K","1.80%"
"09/28/2023","334.00","334.00","334.00","334.00","134.65K","0.00%"
"09/26/2023","334.00","334.00","334.00","334.00","9.27K","0.00%"
"09/25/2023","334.00","334.00","334.00","334.00","138.39K","0.00%"
"09/22/2023","334.00","365.00","335.00","334.00","680.28K","-8.49%"
"09/21/2023","365.00","365.00","365.00","365.00","535.41K","0.00%"
"09/20/2023","365.00","365.00","365.00","365.00","32.29K","0.00%"
"09/19/2023","365.00","365.00","365.00","365.00","931.96K","0.00%"
"09/18/2023","365.00","365.00","365.00","365.00","92.36K","0.00%"
"09/15/2023","365.00","365.00","365.00","365.00","1.38M","0.00%"
"09/14/2023","365.00","365.00","365.00","365.00","1.06M","0.00%"
"09/13/2023","365.00","365.00","365.00","365.00","57.41K","0.00%"
"09/12/2023","365.00","365.00","365.00","365.00","337.73K","0.00%"
"09/11/2023","365.00","365.00","365.00","365.00","137.47K","0.00%"
"09/08/2023","365.00","365.00","365.00","365.00","49.65K","0.00%"
"09/07/2023","365.00","370.00","365.00","365.00","816.82K","-1.35%"
"09/06/2023","370.00","369.80","370.00","350.00","1.99M","0.05%"
"09/05/2023","369.80","369.80","369.80","369.80","574.74K","0.00%"
"09/04/2023","369.80","369.80","369.80","369.80","165.51K","0.00%"
"09/01/2023","369.80","360.00","380.00","324.00","4.40M","2.72%"
"08/31/2023","360.00","360.00","360.00","360.00","19.69K","0.00%"
"08/30/2023","360.00","360.00","360.00","360.00","3.43K","0.00%"
"08/29/2023","360.00","360.00","360.00","360.00","15.20K","0.00%"
"08/28/2023","360.00","360.00","360.00","360.00","221.23K","0.00%"
"08/25/2023","360.00","360.00","360.00","360.00","64.20K","0.00%"
"08/24/2023","360.00","360.00","360.00","360.00","96.93K","0.00%"
"08/23/2023","360.00","360.00","360.00","360.00","62.60K","0.00%"
"08/22/2023","360.00","360.00","360.00","360.00","51.61K","0.00%"
"08/21/2023","360.00","360.00","360.00","360.00","10.82K","0.00%"
"08/18/2023","360.00","349.90","360.00","360.00","2.59M","2.89%"
"08/17/2023","349.90","349.90","349.90","349.90","238.01K","0.00%"
"08/16/2023","349.90","349.90","349.90","349.90","848.12K","0.00%"
"08/15/2023","349.90","349.90","349.90","349.90","185.98K","0.00%"
"08/14/2023","349.90","349.90","349.90","349.90","15.72K","0.00%"
"08/11/2023","349.90","349.90","349.90","349.90","35.64K","0.00%"
"08/10/2023","349.90","320.00","349.90","349.90","565.97K","9.34%"
"08/09/2023","320.00","352.00","320.00","320.00","174.23K","-9.09%"
"08/08/2023","352.00","352.00","352.00","352.00","848.65K","0.00%"
"08/07/2023","352.00","352.00","352.00","352.00","282.94K","0.00%"
"08/04/2023","352.00","352.00","352.00","352.00","121.15K","0.00%"
"08/03/2023","352.00","352.00","352.00","352.00","335.08K","0.00%"
"08/02/2023","352.00","352.00","352.00","352.00","443.93K","0.00%"
"08/01/2023","352.00","352.00","352.00","352.00","353.47K","0.00%"
"07/31/2023","352.00","352.00","352.00","352.00","28.66K","0.00%"
"07/28/2023","352.00","352.00","352.00","352.00","91.78K","0.00%"
"07/27/2023","352.00","352.00","352.00","352.00","427.49K","0.00%"
"07/26/2023","352.00","352.00","352.00","352.00","102.38K","0.00%"
"07/25/2023","352.00","352.00","352.00","352.00","433.06K","0.00%"
"07/24/2023","352.00","352.00","352.00","352.00","221.97K","0.00%"
"07/21/2023","352.00","352.00","352.00","352.00","64.42K","0.00%"
"07/20/2023","352.00","352.00","352.00","352.00","156.73K","0.00%"
"07/19/2023","352.00","352.00","352.00","352.00","105.02K","0.00%"
"07/18/2023","352.00","330.00","352.00","330.00","104.88M","6.67%"
"07/17/2023","330.00","335.00","340.00","329.50","22.33M","-1.49%"
"07/14/2023","335.00","326.00","335.00","330.00","1.21M","2.76%"
"07/13/2023","326.00","326.00","326.00","326.00","956.86K","0.00%"
"07/12/2023","326.00","360.70","326.00","326.00","2.31M","-9.62%"
"07/11/2023","360.70","330.10","360.70","360.70","1.56M","9.27%"
"07/10/2023","330.10","330.10","330.10","330.10","5.11M","10.00%"
"07/07/2023","300.10","290.00","300.10","290.00","3.09M","3.48%"
"07/06/2023","290.00","285.00","290.00","290.00","1.01M","1.75%"
"07/05/2023","285.00","285.00","285.00","285.00","826.51K","0.00%"
"07/04/2023","285.00","285.00","285.00","285.00","2.27M","0.00%"
"07/03/2023","285.00","285.00","285.00","285.00","430.64K","0.00%"
"06/30/2023","285.00","287.50","285.00","285.00","603.67K","-0.87%"
"06/27/2023","287.50","287.50","287.50","287.50","502.88K","0.00%"
"06/26/2023","287.50","287.50","287.50","287.50","232.86K","0.00%"
"06/23/2023","287.50","287.50","287.50","287.50","233.07K","0.00%"
"06/22/2023","287.50","287.50","287.50","287.50","205.71K","0.00%"
"06/21/2023","287.50","287.30","287.50","287.50","1.67M","0.07%"
"06/20/2023","287.30","286.90","287.30","287.30","2.26M","0.14%"
"06/19/2023","286.90","284.00","286.90","283.90","4.01M","1.02%"
"06/16/2023","284.00","284.00","284.00","284.00","256.59K","0.00%"
"06/15/2023","284.00","284.00","284.00","284.00","639.67K","0.00%"
"06/14/2023","284.00","286.80","284.00","284.00","2.24M","-0.98%"
"06/13/2023","286.80","283.00","286.80","286.80","1.04M","1.34%"
"06/09/2023","283.00","286.00","283.00","283.00","1.41M","-1.05%"
"06/08/2023","286.00","290.00","286.00","272.90","735.60K","-1.38%"
"06/07/2023","290.00","290.00","290.00","290.00","515.98K","0.00%"
"06/06/2023","290.00","290.00","290.00","290.00","301.21K","0.00%"
"06/05/2023","290.00","290.00","290.00","290.00","150.51K","0.00%"
"06/02/2023","290.00","290.00","290.00","290.00","476.49K","0.00%"
"06/01/2023","290.00","290.00","290.00","290.00","772.37K","0.00%"
"05/31/2023","290.00","290.00","290.00","290.00","346.51K","0.00%"
"05/30/2023","290.00","270.00","290.00","270.00","2.77M","7.41%"
"05/26/2023","270.00","270.00","270.00","270.00","260.01K","0.00%"
"05/25/2023","270.00","270.00","270.00","270.00","386.11K","0.00%"
"05/24/2023","270.00","270.00","270.00","270.00","81.35K","0.00%"
"05/23/2023","270.00","270.00","270.00","270.00","710.46K","0.00%"
"05/22/2023","270.00","270.00","270.00","270.00","89.24K","0.00%"
"05/19/2023","270.00","270.00","270.00","270.00","63.92K","0.00%"
"05/18/2023","270.00","270.00","270.00","270.00","21.56K","0.00%"
"05/17/2023","270.00","270.00","270.00","270.00","212.98K","0.00%"
"05/16/2023","270.00","270.00","270.00","270.00","114.44K","0.00%"
"05/15/2023","270.00","270.00","270.00","270.00","51.78K","0.00%"
"05/12/2023","270.00","270.00","270.00","270.00","166.26K","0.00%"
"05/11/2023","270.00","270.00","270.00","270.00","96.73K","0.00%"
"05/10/2023","270.00","270.00","270.00","270.00","120.21K","0.00%"
"05/09/2023","270.00","270.00","270.00","270.00","771.63K","0.00%"
"05/08/2023","270.00","270.00","270.00","270.00","286.01K","0.00%"
"05/05/2023","270.00","270.00","270.00","270.00","52.59K","0.00%"
"05/04/2023","270.00","270.00","270.00","270.00","62.93K","0.00%"
"05/03/2023","270.00","270.00","270.00","270.00","559.21K","0.00%"
"05/02/2023","270.00","270.00","270.00","270.00","1.02M","0.00%"
"04/28/2023","270.00","270.00","270.00","270.00","1.30M","0.00%"
"04/27/2023","270.00","270.00","270.00","270.00","411.02K","0.00%"
"04/26/2023","270.00","270.00","270.00","270.00","441.56K","0.00%"
"04/25/2023","270.00","270.00","270.00","270.00","174.87K","0.00%"
"04/20/2023","270.00","270.00","270.00","260.00","730.02K","0.00%"
"04/19/2023","270.00","270.00","270.00","270.00","34.94K","0.00%"
"04/18/2023","270.00","270.00","270.00","270.00","35.85K","0.00%"
"04/17/2023","270.00","270.00","270.00","270.00","62.69K","0.00%"
"04/14/2023","270.00","270.00","270.00","270.00","84.52K","0.00%"
"04/13/2023","270.00","270.00","270.00","270.00","92.81K","0.00%"
"04/12/2023","270.00","270.00","270.00","270.00","235.24K","0.00%"
"04/11/2023","270.00","270.00","270.00","270.00","89.76K","0.00%"
"04/06/2023","270.00","270.00","270.00","270.00","138.85K","0.00%"
"04/05/2023","270.00","270.00","270.00","270.00","79.20K","0.00%"
"04/04/2023","270.00","270.00","270.00","270.00","1.03M","0.00%"
"04/03/2023","270.00","270.00","270.00","270.00","69.40K","0.00%"
"03/31/2023","270.00","270.00","270.00","270.00","103.17K","-6.90%"
"03/30/2023","290.00","290.00","290.00","290.00","93.35K","0.00%"
"03/29/2023","290.00","276.00","290.00","290.00","213.73K","5.07%"
"03/28/2023","276.00","288.00","276.00","276.00","488.09K","-4.17%"
"03/27/2023","288.00","288.00","288.00","288.00","52.86K","0.00%"
"03/24/2023","288.00","288.00","288.00","288.00","178.64K","0.00%"
"03/23/2023","288.00","288.00","288.00","288.00","203.86K","0.00%"
"03/22/2023","288.00","288.00","288.00","288.00","10.26K","0.00%"
"03/21/2023","288.00","288.00","288.00","288.00","70.30K","0.00%"
"03/20/2023","288.00","288.00","288.00","288.00","628.21K","0.00%"
"03/17/2023","288.00","288.00","288.00","288.00","22.60K","0.00%"
"03/16/2023","288.00","288.00","288.00","288.00","25.10K","0.00%"
"03/15/2023","288.00","288.00","288.00","288.00","542.14K","0.00%"
"03/14/2023","288.00","288.00","288.00","288.00","373.43K","0.00%"
"03/13/2023","288.00","288.00","288.00","288.00","82.89K","0.00%"
"03/10/2023","288.00","288.00","288.00","288.00","112.77K","0.00%"
"03/09/2023","288.00","285.00","288.00","288.00","666.03K","1.05%"
"03/08/2023","285.00","280.00","285.00","285.00","7.32M","1.79%"
"03/07/2023","280.00","278.00","280.00","280.00","1.21M","0.72%"
"03/06/2023","278.00","278.00","278.00","278.00","383.38K","0.00%"
"03/03/2023","278.00","278.00","278.00","278.00","184.48K","0.00%"
"03/02/2023","278.00","278.00","278.00","278.00","187.21K","0.00%"
"03/01/2023","278.00","278.00","278.00","278.00","553.54K","0.00%"
"02/28/2023","278.00","272.00","278.00","272.10","5.72M","2.21%"
"02/27/2023","272.00","272.00","272.00","272.00","422.57K","0.00%"
"02/24/2023","272.00","270.00","272.00","272.00","251.78K","0.74%"
"02/23/2023","270.00","270.00","270.00","270.00","638.54K","0.00%"
"02/22/2023","270.00","270.00","270.00","270.00","39.34K","0.00%"
"02/21/2023","270.00","270.00","270.00","270.00","285.51K","0.00%"
"02/20/2023","270.00","270.00","270.00","270.00","15.23K","0.00%"
"02/17/2023","270.00","270.00","270.00","270.00","1.02M","0.00%"
"02/16/2023","270.00","270.00","270.00","270.00","7.21M","0.00%"
"02/15/2023","270.00","270.00","270.00","270.00","47.67K","0.00%"
"02/14/2023","270.00","270.00","270.00","270.00","24.26K","0.00%"
"02/13/2023","270.00","270.00","270.00","270.00","3.01M","0.00%"
"02/10/2023","270.00","270.00","270.00","270.00","2.70K","0.00%"
"02/09/2023","270.00","270.00","270.00","270.00","166.42K","0.00%"
"02/08/2023","270.00","265.00","270.00","270.00","203.39K","1.89%"
"02/07/2023","265.00","266.90","265.00","265.00","1.17M","-0.71%"
"02/06/2023","266.90","266.90","266.90","266.90","41.46K","0.00%"
"02/03/2023","266.90","266.90","266.90","266.90","18.73K","0.00%"
"02/02/2023","266.90","266.90","266.90","266.90","21.85K","0.00%"
"02/01/2023","266.90","266.90","266.90","266.90","78.77K","0.00%"
"01/31/2023","266.90","266.90","266.90","266.90","196.45K","0.00%"
"01/30/2023","266.90","266.90","266.90","266.90","105.38K","0.00%"
"01/27/2023","266.90","266.90","266.90","266.90","90.33K","0.00%"
"01/26/2023","266.90","266.90","266.90","266.90","25.91K","0.00%"
"01/25/2023","266.90","266.90","266.90","266.90","94.63K","0.00%"
"01/24/2023","266.90","265.00","266.90","266.90","291.10K","0.72%"
"01/23/2023","265.00","265.00","265.00","265.00","84.85K","0.00%"
"01/20/2023","265.00","265.00","265.00","265.00","33.22K","0.00%"
"01/19/2023","265.00","265.00","265.00","265.00","50.70K","0.00%"
"01/18/2023","265.00","270.00","265.00","265.00","2.11M","-1.85%"
"01/17/2023","270.00","270.00","270.00","270.00","131.88K","0.00%"
"01/16/2023","270.00","270.00","270.00","270.00","423.27K","0.00%"
"01/13/2023","270.00","270.00","270.00","270.00","263.01K","0.00%"
"01/12/2023","270.00","270.00","270.00","270.00","2.55M","0.00%"
"01/11/2023","270.00","270.00","270.00","270.00","308.99K","0.00%"
"01/10/2023","270.00","262.00","270.00","270.00","1.19M","3.05%"
"01/09/2023","262.00","262.00","262.00","262.00","268.56K","0.00%"
"01/06/2023","262.00","261.00","262.00","262.00","794.65K","0.38%"
"01/05/2023","261.00","261.00","261.00","261.00","40.89K","0.00%"
"01/04/2023","261.00","261.00","261.00","261.00","304.87K","0.00%"
"01/03/2023","261.00","261.00","261.00","261.00","761.87K","0.00%"
"12/30/2022","261.00","261.00","261.00","261.00","144.13K","0.00%"
"12/29/2022","261.00","261.00","261.00","261.00","115.48K","0.00%"
"12/28/2022","261.00","261.00","261.00","261.00","610.54K","0.00%"
"12/23/2022","261.00","261.00","261.00","261.00","6.23K","0.00%"
"12/22/2022","261.00","262.30","261.00","260.00","1.71M","-0.50%"
"12/21/2022","262.30","262.30","262.30","262.30","227.29K","0.00%"
"12/20/2022","262.30","262.30","262.30","262.30","111.31K","0.00%"
"12/19/2022","262.30","262.30","262.30","262.30","54.30K","0.00%"
"12/16/2022","262.30","262.30","262.30","262.30","40.61K","0.00%"
"12/15/2022","262.30","262.30","262.30","262.30","15.69K","0.00%"
"12/14/2022","262.30","262.30","262.30","262.30","8.45K","0.00%"
"12/13/2022","262.30","262.30","262.30","262.30","5.29K","0.00%"
"12/12/2022","262.30","262.30","262.30","262.30","67.10K","0.00%"
"12/09/2022","262.30","262.30","262.30","262.30","4.15K","0.00%"
"12/08/2022","262.30","262.30","262.30","262.30","34.57K","0.00%"
"12/07/2022","262.30","262.30","262.30","262.30","14.94K","0.00%"
"12/06/2022","262.30","262.30","262.30","262.30","359.79K","0.00%"
"12/05/2022","262.30","262.30","262.30","262.30","17.63K","0.00%"
"12/02/2022","262.30","262.30","262.30","262.30","9.63K","0.00%"
"12/01/2022","262.30","262.30","262.30","262.30","16.35K","0.00%"
"11/30/2022","262.30","262.30","262.30","262.30","30.55K","0.00%"
"11/29/2022","262.30","262.30","262.30","262.30","119.38K","0.00%"
"11/28/2022","262.30","262.30","262.30","262.30","12.28K","0.00%"
"11/25/2022","262.30","262.30","262.30","262.30","45.48K","0.00%"
"11/24/2022","262.30","262.30","262.30","262.30","389.53K","0.00%"
"11/23/2022","262.30","238.50","262.30","254.50","820.19K","9.98%"
"11/22/2022","238.50","238.50","238.50","238.50","402.72K","0.00%"
"11/21/2022","238.50","238.50","238.50","238.50","444.44K","0.00%"
"11/18/2022","238.50","238.50","238.50","238.50","7.48K","0.00%"
"11/17/2022","238.50","238.50","238.50","238.50","38.24K","0.00%"
"11/16/2022","238.50","238.50","238.50","238.50","110.74K","0.00%"
"11/15/2022","238.50","238.50","238.50","238.50","8.05K","0.00%"
"11/14/2022","238.50","238.50","238.50","238.50","110.97K","0.00%"
"11/11/2022","238.50","238.50","238.50","238.50","8.18K","0.00%"
"11/10/2022","238.50","221.30","238.50","238.50","557.72K","7.77%"
"11/09/2022","221.30","220.00","240.00","221.30","1.39M","0.59%"
"11/08/2022","220.00","240.00","220.00","220.00","294.41K","-8.33%"
"11/07/2022","240.00","240.00","240.00","240.00","9.51K","0.00%"
"11/04/2022","240.00","240.00","240.00","240.00","22.94K","0.00%"
"11/03/2022","240.00","240.00","240.00","240.00","35.34K","0.00%"
"11/02/2022","240.00","220.50","240.00","240.00","529.40K","8.84%"
"11/01/2022","220.50","220.50","220.50","220.50","75.06K","0.00%"
"10/31/2022","220.50","220.50","220.50","220.50","172.54K","0.00%"
"10/28/2022","220.50","245.00","220.50","220.50","2.47M","-10.00%"
"10/27/2022","245.00","245.00","245.00","245.00","6.86K","0.00%"
"10/26/2022","245.00","245.00","245.00","245.00","2.81K","0.00%"
"10/25/2022","245.00","245.00","245.00","245.00","8.36K","0.00%"
"10/24/2022","245.00","245.00","245.00","245.00","9.68K","0.00%"
"10/21/2022","245.00","245.00","245.00","245.00","4.19K","0.00%"
"10/20/2022","245.00","245.00","245.00","245.00","3.96K","0.00%"
"10/19/2022","245.00","245.00","245.00","245.00","117.18K","0.00%"
"10/18/2022","245.00","245.00","245.00","245.00","10.16K","0.00%"
"10/17/2022","245.00","245.00","245.00","245.00","16.34K","0.00%"
"10/14/2022","245.00","245.00","245.00","245.00","5.19K","0.00%"
"10/13/2022","245.00","245.00","245.00","245.00","21.40K","0.00%"
"10/12/2022","245.00","245.00","245.00","245.00","8.43M","0.00%"
"10/11/2022","245.00","245.00","245.00","245.00","21.09K","0.00%"
"10/07/2022","245.00","245.00","245.00","245.00","14.00K","0.00%"
"10/06/2022","245.00","245.00","245.00","245.00","170.68K","0.00%"
"10/05/2022","245.00","245.00","245.00","245.00","82.64K","0.00%"
"10/04/2022","245.00","245.00","245.00","245.00","13.08K","0.00%"
"09/30/2022","245.00","245.00","245.00","245.00","19.30K","0.00%"
"09/29/2022","245.00","245.00","245.00","245.00","23.73K","0.00%"
"09/28/2022","245.00","245.00","245.00","245.00","38.78K","0.00%"
"09/27/2022","245.00","245.00","245.00","245.00","57.13K","0.00%"
"09/26/2022","245.00","245.00","245.00","245.00","11.80K","0.00%"
"09/23/2022","245.00","245.00","245.00","245.00","2.11K","0.00%"
"09/22/2022","245.00","245.00","245.00","245.00","13.42K","0.00%"
"09/21/2022","245.00","245.00","245.00","245.00","16.52K","0.00%"
"09/20/2022","245.00","245.00","245.00","245.00","12.66K","0.00%"
"09/19/2022","245.00","245.00","245.00","245.00","29.95K","0.00%"
"09/16/2022","245.00","245.00","245.00","245.00","22.83K","0.00%"
"09/15/2022","245.00","245.00","245.00","245.00","27.58K","0.00%"
"09/14/2022","245.00","245.00","245.00","245.00","270.35K","0.00%"
"09/13/2022","245.00","245.00","245.00","245.00","23.59K","0.00%"
"09/12/2022","245.00","245.00","245.00","245.00","7.10K","0.00%"
"09/09/2022","245.00","245.00","245.00","245.00","16.30K","0.00%"
"09/08/2022","245.00","245.00","245.00","245.00","65.24K","0.00%"
"09/07/2022","245.00","245.00","245.00","245.00","212.05K","0.00%"
"09/06/2022","245.00","245.00","245.00","245.00","524.35K","0.00%"
"09/05/2022","245.00","245.00","245.00","245.00","102.19K","0.00%"
"09/02/2022","245.00","245.00","245.00","245.00","10.65K","0.00%"
"09/01/2022","245.00","245.00","245.00","245.00","92.93K","0.00%"
"08/31/2022","245.00","245.00","245.00","245.00","27.41K","0.00%"
"08/30/2022","245.00","245.00","245.00","245.00","603.31K","0.00%"
"08/29/2022","245.00","245.00","245.00","245.00","231.02K","0.00%"
"08/26/2022","245.00","245.00","245.00","245.00","39.94K","0.00%"
"08/25/2022","245.00","245.00","245.00","245.00","531.39K","0.00%"
"08/24/2022","245.00","245.00","245.00","245.00","41.06K","0.00%"
"08/23/2022","245.00","258.80","245.00","245.00","2.72M","-5.33%"
"08/22/2022","258.80","258.80","258.80","258.80","413.41K","0.00%"
"08/19/2022","258.80","258.80","258.80","258.80","14.71K","0.00%"
"08/18/2022","258.80","258.80","258.80","258.80","470.91K","0.00%"
"08/17/2022","258.80","258.80","258.80","258.80","126.68K","0.00%"
"08/16/2022","258.80","258.80","258.80","258.80","12.10K","0.00%"
"08/15/2022","258.80","258.80","258.80","258.80","19.27K","0.00%"
"08/12/2022","258.80","265.00","258.80","258.80","350.53K","-2.34%"
"08/11/2022","265.00","265.00","265.00","265.00","30.64K","0.00%"
"08/10/2022","265.00","241.00","265.00","260.00","961.58K","9.96%"
"08/09/2022","241.00","265.00","241.00","241.00","327.60K","-9.06%"
"08/08/2022","265.00","265.00","265.00","265.00","57.19K","0.00%"
"08/05/2022","265.00","265.00","265.00","265.00","21.50K","0.00%"
"08/04/2022","265.00","265.00","265.00","265.00","168.03K","0.00%"
"08/03/2022","265.00","265.00","265.00","265.00","26.24K","0.00%"
"08/02/2022","265.00","265.00","265.00","265.00","199.98K","0.00%"
"08/01/2022","265.00","265.00","265.00","265.00","28.20K","0.00%"
"07/29/2022","265.00","265.00","265.00","265.00","45.11K","0.00%"
"07/28/2022","265.00","265.00","265.00","265.00","80.18K","0.00%"
"07/27/2022","265.00","265.00","265.00","265.00","873.86K","0.00%"
"07/26/2022","265.00","265.00","265.00","265.00","78.47K","0.00%"
"07/25/2022","265.00","265.00","265.00","265.00","92.58K","0.00%"
"07/22/2022","265.00","265.00","265.00","265.00","117.63K","0.00%"
"07/21/2022","265.00","265.00","265.00","265.00","82.01K","0.00%"
"07/20/2022","265.00","265.00","265.00","265.00","325.42K","0.00%"
"07/19/2022","265.00","265.00","265.00","265.00","168.85K","0.00%"
"07/18/2022","265.00","265.00","265.00","265.00","250.27K","0.00%"
"07/15/2022","265.00","275.00","265.00","265.00","2.65M","-3.64%"
"07/14/2022","275.00","275.00","275.00","275.00","133.53K","0.00%"
"07/13/2022","275.00","275.00","275.00","275.00","151.63K","0.00%"
"07/08/2022","275.00","275.00","275.00","275.00","232.91K","0.00%"
"07/07/2022","275.00","275.00","275.00","275.00","477.42K","0.00%"
"07/06/2022","275.00","275.00","275.00","275.00","296.95K","0.00%"
"07/05/2022","275.00","275.00","275.00","275.00","83.74K","0.00%"
"07/04/2022","275.00","275.00","275.00","275.00","44.32K","0.00%"
"07/01/2022","275.00","275.00","275.00","275.00","48.78K","0.00%"
"06/30/2022","275.00","275.00","275.00","275.00","36.49K","0.00%"
"06/29/2022","275.00","275.00","275.00","275.00","122.19K","0.00%"
"06/28/2022","275.00","275.00","275.00","275.00","51.58K","0.00%"
"06/27/2022","275.00","275.00","275.00","275.00","74.96K","0.00%"
"06/24/2022","275.00","275.00","275.00","275.00","63.09K","0.00%"
"06/23/2022","275.00","275.00","275.00","275.00","547.34K","0.00%"
"06/22/2022","275.00","270.00","275.00","275.00","800.59K","1.85%"
"06/21/2022","270.00","249.30","270.00","270.00","903.70K","8.30%"
"06/20/2022","249.30","277.00","249.30","249.30","460.03K","-10.00%"
"06/17/2022","277.00","277.00","277.00","277.00","119.77K","0.00%"
"06/16/2022","277.00","277.00","277.00","277.00","41.91K","0.00%"
"06/15/2022","277.00","277.00","277.00","277.00","335.35K","0.00%"
"06/14/2022","277.00","277.00","277.00","277.00","63.89K","0.00%"
"06/10/2022","277.00","277.00","277.00","277.00","26.05K","0.00%"
"06/09/2022","277.00","277.00","277.00","277.00","87.38K","0.00%"
"06/08/2022","277.00","277.00","277.00","277.00","124.77K","0.00%"
"06/07/2022","277.00","277.00","277.00","277.00","24.55K","0.00%"
"06/06/2022","277.00","277.00","277.00","277.00","561.07K","0.00%"
"06/03/2022","277.00","277.00","277.00","277.00","303.50K","0.00%"
"06/02/2022","277.00","277.00","277.00","277.00","693.84K","0.00%"
"06/01/2022","277.00","277.00","277.00","277.00","208.67K","0.00%"
"05/31/2022","277.00","277.00","277.00","277.00","152.69K","-6.73%"
"05/30/2022","297.00","297.00","297.00","297.00","180.58K","0.00%"
"05/27/2022","297.00","297.00","297.00","297.00","309.27K","0.00%"
"05/26/2022","297.00","297.00","297.00","297.00","863.62K","0.00%"
"05/25/2022","297.00","297.00","297.00","297.00","193.58K","0.00%"
"05/24/2022","297.00","300.00","297.00","297.00","1.20M","-1.00%"
"05/23/2022","300.00","300.00","300.00","300.00","226.65K","0.00%"
"05/20/2022","300.00","300.00","300.00","300.00","251.79K","0.00%"
"05/19/2022","300.00","300.00","300.00","300.00","88.92K","0.00%"
"05/18/2022","300.00","300.00","300.00","300.00","160.56K","0.00%"
"05/17/2022","300.00","300.00","300.00","300.00","324.02K","0.00%"
"05/16/2022","300.00","300.00","300.00","300.00","225.48K","0.00%"
"05/13/2022","300.00","300.00","300.00","300.00","340.95K","0.00%"
"05/12/2022","300.00","300.00","300.00","300.00","1.71M","0.00%"
"05/11/2022","300.00","292.40","300.00","300.00","3.80M","2.60%"
"05/10/2022","292.40","292.40","292.40","292.40","85.78K","0.00%"
"05/09/2022","292.40","292.40","292.40","292.40","403.64K","0.00%"
"05/06/2022","292.40","292.40","292.40","292.40","234.20K","0.00%"
"05/05/2022","292.40","292.40","292.40","292.40","406.84K","0.00%"
"05/04/2022","292.40","292.40","299.30","292.40","1.09M","0.00%"
"04/29/2022","292.40","285.80","292.40","292.40","604.83K","2.31%"
"04/28/2022","285.80","285.80","285.80","285.80","97.25K","0.00%"
"04/27/2022","285.80","285.80","285.80","285.80","31.91K","0.00%"
"04/26/2022","285.80","285.80","285.80","285.80","204.68K","0.00%"
"04/25/2022","285.80","285.40","285.80","285.80","302.93K","0.14%"
"04/22/2022","285.40","285.40","285.40","285.40","306.63K","0.00%"
"04/21/2022","285.40","285.40","285.40","285.40","159.00K","0.00%"
"04/20/2022","285.40","280.00","285.40","285.40","465.16K","1.93%"
"04/19/2022","280.00","280.00","280.00","280.00","282.75K","0.00%"
"04/14/2022","280.00","273.50","280.00","280.00","467.43K","2.38%"
"04/13/2022","273.50","273.50","273.50","273.50","203.81K","0.00%"
"04/12/2022","273.50","273.50","273.50","273.50","154.55K","0.00%"
"04/11/2022","273.50","273.50","273.50","273.50","335.69K","0.00%"
"04/08/2022","273.50","273.50","273.50","273.50","184.66K","0.00%"
"04/07/2022","273.50","273.50","273.50","273.50","90.70K","0.00%"
"04/06/2022","273.50","273.50","273.50","273.50","74.31K","0.00%"
"04/05/2022","273.50","273.50","273.50","273.50","49.06K","0.00%"
"04/04/2022","273.50","273.50","273.50","273.50","123.42K","0.00%"
"04/01/2022","273.50","273.50","273.50","273.50","39.64K","0.00%"
"03/31/2022","273.50","273.50","273.50","273.50","242.89K","0.00%"
"03/30/2022","273.50","273.50","273.50","273.50","52.30K","0.00%"
"03/29/2022","273.50","273.50","273.50","273.50","59.79K","0.00%"
"03/28/2022","273.50","273.50","273.50","273.50","177.11K","0.00%"
"03/25/2022","273.50","273.50","273.50","273.50","153.66K","0.00%"
"03/24/2022","273.50","273.50","273.50","273.50","16.06K","0.00%"
"03/23/2022","273.50","273.50","273.50","273.50","0.82K","0.00%"
"03/22/2022","273.50","273.50","273.50","273.50","28.63K","0.00%"
"03/21/2022","273.50","273.50","273.50","273.50","114.21K","0.00%"
"03/18/2022","273.50","273.50","273.50","273.50","281.07K","0.00%"
"03/17/2022","273.50","273.50","273.50","273.50","546.11K","0.00%"
"03/16/2022","273.50","273.50","273.50","273.50","745.29K","0.00%"
"03/15/2022","273.50","273.50","273.50","273.50","155.39K","0.00%"
"03/14/2022","273.50","273.50","273.50","273.50","246.52K","0.00%"
"03/11/2022","273.50","273.50","273.50","273.50","51.51K","0.00%"
"03/10/2022","273.50","273.50","273.50","273.50","267.02K","0.00%"
"03/09/2022","273.50","273.50","273.50","273.50","64.76K","0.00%"
"03/08/2022","273.50","273.50","273.50","273.50","142.74K","0.00%"
"03/07/2022","273.50","273.50","273.50","273.50","42.90K","0.00%"
"03/04/2022","273.50","273.50","273.50","273.50","45.09K","0.00%"
"03/03/2022","273.50","273.50","273.50","273.50","56.55K","0.00%"
"03/02/2022","273.50","273.50","273.50","273.50","225.20K","0.00%"
"03/01/2022","273.50","273.50","273.50","273.50","1.43M","0.00%"
"02/28/2022","273.50","273.50","273.50","273.50","127.34K","0.00%"
"02/25/2022","273.50","273.50","273.50","273.50","221.21K","0.00%"
"02/24/2022","273.50","273.50","273.50","273.50","120.03K","0.00%"
"02/23/2022","273.50","273.50","273.50","273.50","16.15K","0.00%"
"02/22/2022","273.50","273.50","273.50","273.50","221.38K","0.00%"
"02/21/2022","273.50","273.50","273.50","273.50","115.43K","0.00%"
"02/18/2022","273.50","273.50","273.50","273.50","234.16K","0.00%"
"02/17/2022","273.50","273.50","273.50","273.50","7.52K","0.00%"
"02/16/2022","273.50","274.80","273.50","273.50","256.78K","-0.47%"
"02/15/2022","274.80","274.80","274.80","274.80","74.10K","0.00%"
"02/14/2022","274.80","274.80","274.80","274.80","813.10K","0.00%"
"02/11/2022","274.80","274.80","274.80","274.80","38.93K","0.00%"
"02/10/2022","274.80","274.80","274.80","274.80","60.18K","0.00%"
"02/09/2022","274.80","274.80","274.80","274.80","32.83K","0.00%"
"02/08/2022","274.80","274.80","274.80","274.80","49.62K","0.00%"
"02/07/2022","274.80","274.80","274.80","274.80","113.59K","0.00%"
"02/04/2022","274.80","274.80","274.80","274.80","150.45K","0.00%"
"02/03/2022","274.80","260.60","274.80","274.80","839.53K","5.45%"
"02/02/2022","260.60","260.60","260.60","260.60","169.23K","0.00%"
"02/01/2022","260.60","260.60","260.60","260.60","39.64K","0.00%"
"01/31/2022","260.60","260.60","260.60","260.60","487.56K","0.00%"
"01/28/2022","260.60","260.60","260.60","260.60","29.38K","0.00%"
"01/27/2022","260.60","284.90","260.60","260.60","256.87K","-8.53%"
"01/26/2022","284.90","284.90","284.90","284.90","41.47K","0.00%"
"01/25/2022","284.90","284.90","284.90","284.90","45.23K","0.00%"
"01/24/2022","284.90","284.90","284.90","284.90","139.33K","0.00%"
"01/21/2022","284.90","284.90","284.90","284.90","56.71K","0.00%"
"01/20/2022","284.90","270.00","284.90","270.00","102.92M","5.52%"
"01/19/2022","270.00","270.00","270.00","260.00","24.45M","0.00%"
"01/18/2022","270.00","270.00","270.00","270.00","463.03K","0.00%"
"01/17/2022","270.00","270.00","270.00","270.00","246.37K","0.00%"
"01/14/2022","270.00","275.00","270.00","270.00","741.46K","-1.82%"
"01/13/2022","275.00","275.00","275.00","275.00","780.27K","0.00%"
"01/12/2022","275.00","259.00","276.90","275.00","2.13M","6.18%"
"01/11/2022","259.00","260.00","260.00","259.00","1.47M","-0.38%"
"01/10/2022","260.00","250.00","260.00","258.00","2.65M","4.00%"
"01/07/2022","250.00","250.00","250.00","250.00","475.83K","0.00%"
"01/06/2022","250.00","250.00","250.00","250.00","421.53K","0.00%"
"01/05/2022","250.00","257.00","250.00","250.00","606.43K","-2.72%"
"01/04/2022","257.00","257.00","257.00","257.00","220.76K","0.00%"
"12/31/2021","257.00","257.00","257.00","257.00","118.63K","0.00%"
"12/30/2021","257.00","257.00","257.00","257.00","46.48K","0.00%"
"12/29/2021","257.00","257.00","257.00","257.00","26.07K","0.00%"
"12/24/2021","257.00","257.00","257.00","257.00","75.41K","0.00%"
"12/23/2021","257.00","256.50","257.00","257.00","230.27K","0.19%"
"12/22/2021","256.50","256.50","256.50","256.50","348.19K","0.00%"
"12/21/2021","256.50","256.50","256.50","256.50","193.90K","0.00%"
"12/20/2021","256.50","255.00","258.00","256.50","2.81M","0.59%"
"12/17/2021","255.00","252.00","255.00","255.00","2.29M","1.19%"
"12/16/2021","252.00","255.00","252.00","252.00","1.08M","-1.18%"
"12/15/2021","255.00","255.00","255.00","255.00","114.75K","0.00%"
"12/14/2021","255.00","255.00","255.00","255.00","309.28K","0.00%"
"12/13/2021","255.00","252.00","260.00","251.00","2.95M","1.19%"
"12/10/2021","252.00","252.00","252.00","252.00","118.95K","0.00%"
"12/09/2021","252.00","280.00","252.00","252.00","850.84K","-10.00%"
"12/08/2021","280.00","280.00","280.00","280.00","36.16K","0.00%"
"12/07/2021","280.00","280.00","280.00","280.00","29.90K","0.00%"
"12/06/2021","280.00","280.00","280.00","280.00","19.35K","0.00%"
"12/03/2021","280.00","280.00","280.00","280.00","74.41K","0.00%"
"12/02/2021","280.00","280.00","280.00","280.00","188.38K","0.00%"
"12/01/2021","280.00","280.00","280.00","280.00","147.86K","0.00%"
"11/30/2021","280.00","280.00","280.00","280.00","244.09K","0.00%"
"11/29/2021","280.00","280.00","280.00","280.00","217.65K","0.00%"
"11/26/2021","280.00","280.00","280.00","280.00","60.98K","0.00%"
"11/25/2021","280.00","280.00","280.00","280.00","175.52K","0.00%"
"11/24/2021","280.00","280.00","280.00","280.00","727.27K","0.00%"
"11/23/2021","280.00","280.00","280.00","280.00","47.63K","0.00%"
"11/22/2021","280.00","280.00","280.00","280.00","397.72K","0.00%"
"11/19/2021","280.00","280.00","280.00","280.00","65.47K","0.00%"
"11/18/2021","280.00","280.00","280.00","280.00","543.55K","0.00%"
"11/17/2021","280.00","280.00","280.00","280.00","48.93K","0.00%"
"11/16/2021","280.00","280.00","280.00","280.00","232.05K","0.00%"
"11/15/2021","280.00","280.00","280.00","280.00","97.42K","0.00%"
"11/12/2021","280.00","280.00","280.00","280.00","144.49K","0.00%"
"11/11/2021","280.00","280.00","280.00","280.00","100.50K","0.00%"
"11/10/2021","280.00","280.00","280.00","280.00","260.94K","0.00%"
"11/09/2021","280.00","280.00","280.00","280.00","90.84K","0.00%"
"11/08/2021","280.00","280.00","280.00","280.00","137.56K","0.00%"
"11/05/2021","280.00","280.00","280.00","280.00","26.85K","0.00%"
"11/04/2021","280.00","280.00","280.00","280.00","18.93K","0.00%"
"11/03/2021","280.00","280.00","280.00","280.00","109.92K","0.00%"
"11/02/2021","280.00","280.00","280.00","280.00","352.77K","0.00%"
"11/01/2021","280.00","280.00","280.00","280.00","309.93K","0.00%"
"10/29/2021","280.00","280.00","280.00","280.00","105.02K","0.00%"
"10/28/2021","280.00","280.00","280.00","280.00","46.34K","0.00%"
"10/27/2021","280.00","280.00","280.00","280.00","266.10K","0.00%"
"10/26/2021","280.00","280.00","280.00","280.00","435.47K","0.00%"
"10/25/2021","280.00","280.00","280.00","280.00","71.23K","0.00%"
"10/22/2021","280.00","280.00","280.00","280.00","29.68K","0.00%"
"10/21/2021","280.00","280.00","280.00","280.00","26.48K","0.00%"
"10/20/2021","280.00","280.00","280.00","280.00","90.31K","0.00%"
"10/18/2021","280.00","280.00","280.00","280.00","27.73K","0.00%"
"10/15/2021","280.00","280.00","280.00","280.00","80.35K","0.00%"
"10/14/2021","280.00","280.00","280.00","280.00","34.91K","0.00%"
"10/13/2021","280.00","280.00","280.00","280.00","207.50K","0.00%"
"10/12/2021","280.00","280.00","280.00","280.00","45.49K","0.00%"
"10/11/2021","280.00","280.00","280.00","280.00","485.34K","0.00%"
"10/08/2021","280.00","280.00","280.00","280.00","90.71K","0.00%"
"10/07/2021","280.00","280.00","280.00","280.00","144.21K","0.00%"
"10/06/2021","280.00","280.00","280.00","280.00","116.78K","0.00%"
"10/05/2021","280.00","280.00","280.00","280.00","102.35K","0.00%"
"10/04/2021","280.00","280.00","280.00","280.00","44.91K","0.00%"
"09/30/2021","280.00","261.00","280.00","249.00","4.20M","7.28%"
"09/29/2021","261.00","245.00","261.00","250.00","1.21M","6.53%"
"09/28/2021","245.00","245.00","245.00","245.00","462.86K","0.00%"
"09/27/2021","245.00","245.00","245.00","245.00","41.47K","0.00%"
"09/24/2021","245.00","245.00","245.00","245.00","142.78K","0.00%"
"09/23/2021","245.00","245.00","245.00","245.00","291.28K","0.00%"
"09/22/2021","245.00","245.00","245.00","245.00","91.35K","0.00%"
"09/21/2021","245.00","245.00","245.00","245.00","1.22M","0.00%"
"09/20/2021","245.00","245.00","245.00","245.00","185.20K","0.00%"
"09/17/2021","245.00","245.00","245.00","245.00","114.39K","0.00%"
"09/16/2021","245.00","245.00","245.00","245.00","14.18K","0.00%"
"09/15/2021","245.00","245.00","245.00","245.00","55.52K","0.00%"
"09/14/2021","245.00","245.00","245.00","245.00","114.16K","0.00%"
"09/13/2021","245.00","245.00","245.00","245.00","89.40K","0.00%"
"09/10/2021","245.00","245.00","245.00","245.00","14.30K","0.00%"
"09/09/2021","245.00","245.00","245.00","245.00","65.60K","0.00%"
"09/08/2021","245.00","245.00","245.00","245.00","439.03K","0.00%"
"09/07/2021","245.00","245.00","245.00","245.00","73.87K","0.00%"
"09/06/2021","245.00","245.00","245.00","245.00","131.73K","0.00%"
"09/03/2021","245.00","245.00","245.00","245.00","22.45K","0.00%"
"09/02/2021","245.00","243.00","245.00","245.00","701.50K","0.82%"
"09/01/2021","243.00","243.00","243.00","243.00","86.16K","0.00%"
"08/31/2021","243.00","243.00","243.00","243.00","94.98K","0.00%"
"08/30/2021","243.00","249.60","243.00","243.00","266.37K","-2.64%"
"08/27/2021","249.60","249.60","249.60","249.60","179.29K","0.00%"
"08/26/2021","249.60","249.60","249.60","249.60","71.18K","0.00%"
"08/25/2021","249.60","249.60","249.60","249.60","225.76K","0.00%"
"08/24/2021","249.60","249.60","249.60","249.60","159.52K","0.00%"
"08/23/2021","249.60","249.60","249.60","249.60","70.67K","0.00%"
"08/20/2021","249.60","249.60","249.60","249.60","38.78K","0.00%"
"08/19/2021","249.60","249.60","249.60","249.60","88.84K","0.00%"
"08/18/2021","249.60","249.60","249.60","249.60","419.21K","0.00%"
"08/17/2021","249.60","241.60","249.60","249.60","583.76K","3.31%"
"08/16/2021","241.60","241.60","241.60","241.60","315.92K","0.00%"
"08/13/2021","241.60","241.60","241.60","241.60","367.28K","0.00%"
"08/12/2021","241.60","240.00","241.60","237.60","493.26K","0.67%"
"08/11/2021","240.00","240.00","240.00","240.00","102.36K","0.00%"
"08/10/2021","240.00","240.00","240.00","240.00","74.71K","0.00%"
"08/09/2021","240.00","248.10","240.00","240.00","296.04K","-3.26%"
"08/06/2021","248.10","248.10","248.10","248.10","1.21M","0.00%"
"08/05/2021","248.10","248.10","248.10","248.10","75.11K","0.00%"
"08/04/2021","248.10","248.10","248.10","248.10","122.36K","0.00%"
"08/03/2021","248.10","248.10","248.10","248.10","448.92K","0.00%"
"08/02/2021","248.10","248.10","248.10","248.10","143.52K","0.00%"
"07/30/2021","248.10","248.00","248.10","248.10","586.80K","0.04%"
"07/29/2021","248.00","248.00","248.00","248.00","69.06K","0.00%"
"07/28/2021","248.00","248.00","248.00","248.00","81.29K","0.00%"
"07/27/2021","248.00","248.00","248.00","248.00","331.37K","0.00%"
"07/26/2021","248.00","248.00","248.00","248.00","423.84K","0.00%"
"07/23/2021","248.00","248.00","248.00","248.00","440.05K","0.00%"
"07/22/2021","248.00","230.00","248.90","248.00","361.66K","7.83%"
"07/19/2021","230.00","230.00","230.00","230.00","104.00K","0.00%"
"07/16/2021","230.00","230.00","230.00","230.00","205.44K","0.00%"
"07/15/2021","230.00","230.00","230.00","230.00","176.00K","0.00%"
"07/14/2021","230.00","230.00","230.00","230.00","305.96K","0.00%"
"07/13/2021","230.00","230.00","230.00","230.00","169.61K","0.00%"
"07/12/2021","230.00","230.00","230.00","230.00","111.66K","0.00%"
"07/09/2021","230.00","229.90","230.00","230.00","2.03M","0.04%"
"07/08/2021","229.90","229.90","229.90","229.90","39.17K","0.00%"
"07/07/2021","229.90","229.90","229.90","229.90","67.56K","0.00%"
"07/06/2021","229.90","229.90","229.90","229.90","49.10K","0.00%"
"07/05/2021","229.90","229.90","229.90","229.90","172.30K","0.00%"
"07/02/2021","229.90","221.00","229.90","229.80","917.08K","4.03%"
"07/01/2021","221.00","221.00","221.00","221.00","400.00K","0.00%"
"06/30/2021","221.00","221.00","221.00","221.00","18.23K","0.00%"
"06/29/2021","221.00","221.00","221.00","221.00","689.17K","0.00%"
"06/28/2021","221.00","221.00","221.00","221.00","449.27K","0.00%"
"06/25/2021","221.00","230.00","221.00","221.00","490.43K","-3.91%"
"06/24/2021","230.00","230.00","230.00","230.00","105.36K","0.00%"
"06/23/2021","230.00","230.00","230.00","230.00","65.50K","0.00%"
"06/22/2021","230.00","230.00","230.00","230.00","377.09K","0.00%"
"06/21/2021","230.00","230.00","230.00","230.00","87.81K","0.00%"
"06/18/2021","230.00","230.00","230.00","230.00","43.12K","0.00%"
"06/17/2021","230.00","230.00","230.00","230.00","83.53K","0.00%"
"06/16/2021","230.00","230.00","230.00","230.00","221.76K","0.00%"
"06/15/2021","230.00","230.00","230.00","230.00","48.26K","0.00%"
"06/11/2021","230.00","230.00","230.00","230.00","480.36K","0.00%"
"06/10/2021","230.00","230.00","230.00","230.00","311.73K","0.00%"
"06/09/2021","230.00","225.00","230.00","227.00","2.26M","2.22%"
"06/08/2021","225.00","220.00","225.00","225.00","483.39K","2.27%"
"06/07/2021","220.00","220.00","220.00","220.00","426.88K","0.00%"
"06/04/2021","220.00","215.50","220.00","220.00","1.28M","2.09%"
"06/03/2021","215.50","215.50","215.50","215.50","433.53K","0.00%"
"06/02/2021","215.50","212.50","215.50","215.50","544.28K","1.41%"
"06/01/2021","212.50","212.50","212.50","212.50","401.80K","0.00%"
"05/31/2021","212.50","212.50","212.50","212.50","678.75K","0.00%"
"05/28/2021","212.50","204.00","212.50","212.50","413.66K","4.17%"
"05/27/2021","204.00","210.00","204.00","204.00","507.35K","-2.86%"
"05/26/2021","210.00","210.00","210.00","210.00","314.83K","0.00%"
"05/25/2021","210.00","210.00","210.00","210.00","41.71K","0.00%"
"05/24/2021","210.00","210.00","210.00","210.00","90.62K","0.00%"
"05/21/2021","210.00","210.00","210.00","210.00","12.90K","0.00%"
"05/20/2021","210.00","214.00","210.00","210.00","193.07K","-1.87%"
"05/19/2021","214.00","215.00","214.00","214.00","282.44K","-0.47%"
"05/18/2021","215.00","215.00","215.00","215.00","148.39K","0.00%"
"05/17/2021","215.00","215.00","215.00","215.00","132.70K","0.00%"
"05/14/2021","215.00","215.00","215.00","215.00","298.85K","0.00%"
"05/11/2021","215.00","211.60","215.00","215.00","417.09K","1.61%"
"05/10/2021","211.60","211.60","211.60","211.60","338.75K","0.00%"
"05/07/2021","211.60","211.60","211.60","211.60","18.25K","0.00%"
"05/06/2021","211.60","217.00","211.60","211.60","285.15K","-2.49%"
"05/05/2021","217.00","217.00","217.00","217.00","338.20K","0.00%"
"05/04/2021","217.00","217.00","217.00","217.00","342.03K","0.00%"
"04/30/2021","217.00","220.00","217.00","213.60","856.01K","-1.36%"
"04/29/2021","220.00","204.00","220.00","220.00","1.44M","7.84%"
"04/28/2021","204.00","204.00","204.00","204.00","358.18K","-7.27%"
"04/27/2021","220.00","220.00","220.00","220.00","44.23K","0.00%"
"04/26/2021","220.00","220.00","220.00","220.00","505.76K","0.00%"
"04/23/2021","220.00","220.00","220.00","220.00","603.93K","0.00%"
"04/22/2021","220.00","220.00","220.00","220.00","430.88K","0.00%"
"04/21/2021","220.00","220.00","220.00","220.00","393.68K","0.00%"
"04/20/2021","220.00","220.00","220.00","220.00","293.36K","0.00%"
"04/19/2021","220.00","220.00","220.00","220.00","81.56K","0.00%"
"04/16/2021","220.00","215.00","220.00","220.00","362.89K","2.33%"
"04/15/2021","215.00","215.00","215.00","215.00","110.52K","0.00%"
"04/14/2021","215.00","215.00","215.00","215.00","343.78K","0.00%"
"04/13/2021","215.00","215.00","215.00","215.00","1.92M","0.00%"
"04/12/2021","215.00","215.00","215.00","215.00","438.67K","0.00%"
"04/09/2021","215.00","215.00","215.00","215.00","88.49K","0.00%"
"04/08/2021","215.00","215.00","215.00","215.00","163.70K","0.00%"
"04/07/2021","215.00","215.00","215.00","215.00","301.32K","0.00%"
"04/06/2021","215.00","215.00","215.00","215.00","94.78K","0.00%"
"04/01/2021","215.00","215.00","215.00","215.00","126.46K","0.00%"
"03/31/2021","215.00","215.00","215.00","215.00","95.71K","0.00%"
"03/30/2021","215.00","224.00","215.00","215.00","464.26K","-4.02%"
"03/29/2021","224.00","225.00","224.00","224.00","4.58M","-0.44%"
"03/26/2021","225.00","225.00","225.00","225.00","190.68K","0.00%"
"03/25/2021","225.00","225.00","225.00","225.00","29.53K","0.00%"
"03/24/2021","225.00","220.00","225.80","224.00","2.01M","2.27%"
"03/23/2021","220.00","220.00","226.80","220.00","1.59M","0.00%"
"03/22/2021","220.00","220.00","220.00","220.00","1.32M","0.00%"
"03/19/2021","220.00","227.80","220.00","220.00","297.24K","-3.42%"
"03/18/2021","227.80","227.80","227.80","227.80","275.58K","0.00%"
"03/17/2021","227.80","227.80","227.80","227.80","562.15K","0.00%"
"03/16/2021","227.80","220.00","228.00","227.00","4.10M","3.55%"
"03/15/2021","220.00","220.00","220.00","220.00","116.27K","0.00%"
"03/12/2021","220.00","220.00","220.00","215.00","708.15K","0.00%"
"03/11/2021","220.00","228.00","220.00","220.00","2.50M","-3.51%"
"03/10/2021","228.00","220.00","228.00","228.00","2.18M","3.64%"
"03/09/2021","220.00","220.00","220.00","220.00","436.41K","0.00%"
"03/08/2021","220.00","220.00","220.00","220.00","43.01K","0.00%"
"03/05/2021","220.00","220.00","220.00","198.10","1.42M","0.00%"
"03/04/2021","220.00","220.00","220.00","220.00","1.18M","0.00%"
"03/03/2021","220.00","220.00","220.00","220.00","699.53K","0.00%"
"03/02/2021","220.00","220.00","220.00","220.00","304.39K","0.00%"
"03/01/2021","220.00","220.00","220.00","220.00","275.75K","0.00%"
"02/26/2021","220.00","220.00","220.00","220.00","174.98K","0.00%"
"02/25/2021","220.00","220.00","220.00","220.00","360.62K","0.00%"
"02/24/2021","220.00","220.00","220.00","220.00","63.81K","0.00%"
"02/23/2021","220.00","220.00","220.00","220.00","1.02M","0.00%"
"02/22/2021","220.00","220.00","220.00","220.00","911.57K","0.00%"
"02/19/2021","220.00","220.00","220.00","220.00","228.35K","0.00%"
"02/18/2021","220.00","220.00","220.00","220.00","338.67K","0.00%"
"02/17/2021","220.00","220.00","220.00","220.00","182.67K","0.00%"
"02/16/2021","220.00","220.00","220.00","220.00","105.78K","0.00%"
"02/15/2021","220.00","220.00","220.00","220.00","24.87K","0.00%"
"02/12/2021","220.00","228.00","220.00","211.00","547.20K","-3.51%"
"02/11/2021","228.00","213.00","228.00","213.00","944.43K","7.04%"
"02/10/2021","213.00","230.00","213.00","213.00","940.06K","-7.39%"
"02/09/2021","230.00","230.00","230.00","230.00","90.88K","0.00%"
"02/08/2021","230.00","230.00","230.00","230.00","178.71K","0.00%"
"02/05/2021","230.00","230.00","230.00","230.00","175.49K","0.00%"
"02/04/2021","230.00","236.00","230.00","230.00","864.50K","-2.54%"
"02/03/2021","236.00","236.00","236.00","236.00","916.51K","0.00%"
"02/02/2021","236.00","236.00","236.00","236.00","383.72K","0.00%"
"02/01/2021","236.00","236.00","236.00","236.00","805.57K","0.00%"
"01/29/2021","236.00","236.00","236.00","236.00","313.49K","0.00%"
"01/28/2021","236.00","236.00","236.00","236.00","155.61K","0.00%"
"01/27/2021","236.00","236.00","236.00","236.00","929.63K","0.00%"
"01/26/2021","236.00","236.00","236.00","235.00","2.10M","0.00%"
"01/25/2021","236.00","234.00","236.00","236.00","954.71K","0.85%"
"01/22/2021","234.00","234.00","234.00","234.00","186.72K","0.00%"
"01/21/2021","234.00","234.50","234.00","231.40","588.08K","-0.21%"
"01/20/2021","234.50","234.60","234.50","234.30","1.75M","-0.04%"
"01/19/2021","234.60","234.60","234.60","234.60","734.19K","0.00%"
"01/18/2021","234.60","237.00","234.60","227.60","1.17M","-1.01%"